gloss,video_count,train_count,val_count,test_count,participant_count,asl_lex_codes
DOG1,45,24,4,17,30,A_01_056
BASKETBALL1,44,19,5,20,30,A_03_045
WHATFOR1,43,20,5,18,31,C_02_054
BELT1,40,19,3,18,29,A_03_036
BEE1,39,19,6,14,32,J_02_101
BITE1,39,21,4,14,29,K_02_045
BREAKFAST1,39,21,3,15,31,J_01_053
CHRISTMAS1,39,19,3,17,27,F_03_029
DARK1,39,21,3,15,29,J_03_094
DEAF1,39,20,4,15,31,F_03_038
DEMAND1,39,21,4,14,33,D_03_080
EAT1,39,18,4,17,29,B_02_002
ELEVATOR1,39,19,5,15,29,G_03_036
FINE1,39,19,4,16,30,C_01_043
FOREIGNER1,39,18,4,17,30,C_01_077
HOSPITAL1,39,18,4,17,31,B_02_026
MECHANIC1,39,20,3,16,29,A_03_030
MOVIE1,39,18,4,17,30,B_03_077
NIGHT1,39,17,5,17,30,A_01_003
PARTY1,39,20,4,15,30,G_02_059
PATIENT2,39,19,4,16,31,B_01_085
ROCKINGCHAIR1,39,20,4,15,31,G_01_010
SHAVE1,39,19,5,15,30,J_02_018
AXE1,38,19,4,15,28,G_03_066
BELIEVE1,38,16,6,16,28,D_02_049
DECIDE1,38,20,3,15,28,B_02_074
DOWNSIZE1,38,18,4,16,32,C_01_055
DRAG1,38,18,3,17,28,J_02_039
EDIT1,38,19,4,15,28,G_02_057
HURDLE/TRIP1,38,22,3,13,31,G_01_036
LETTUCE1,38,17,5,16,29,A_01_083
LUNCH1,38,19,5,14,28,G_02_081
MICROSCOPE1,38,18,4,16,31,A_03_076
NOON1,38,19,4,15,29,G_02_014
RECENT1,38,17,4,17,28,H_03_090
RESEARCH1,38,17,5,16,31,B_03_084
RIVER1,38,19,4,15,31,A_03_035
TYPE1,38,17,5,16,30,F_03_059
BACKPACK1,37,19,3,15,29,G_03_091
CALENDAR1,37,17,4,16,31,A_03_001
CANCEL1,37,15,6,16,27,F_03_083
CANCER1,37,18,4,15,27,F_01_047
CLOUD1,37,15,5,17,30,D_01_092
CONFUSED1,37,18,4,15,28,J_01_110
DINNER1,37,18,4,15,27,G_03_044
GUESS1,37,18,5,14,30,D_02_013
HALLOWEEN1,37,19,4,14,29,G_03_011
LOCK1,37,18,5,14,31,H_02_017
SPECIAL1,37,17,5,15,31,J_02_020
THIRD1,37,17,6,14,29,F_02_088
TWINS1,37,18,4,15,27,F_01_032
DEVELOP1,36,19,3,14,30,J_03_092
TAKEOFF1,36,15,5,16,28,F_01_020
THEY1,36,18,3,15,27,F_02_103
5DOLLARS,32,16,4,12,31,B_01_062
ABOUT1,32,13,7,12,28,B_02_072
ACTION,32,14,4,14,29,C_01_026
ADVERTISE,32,17,3,12,30,J_03_015
AFTER,32,15,3,14,29,B_02_030
ALARM,32,14,4,14,29,C_01_085
ALLOFSUDDEN,32,17,3,12,31,H_01_096
ALPHABET,32,15,3,14,29,B_02_024
AND,32,15,3,14,29,B_03_072
ANGRY,32,14,3,15,28,B_01_070
ANYONE,32,17,3,12,31,H_01_059
APPEAR,32,14,4,14,29,C_03_064
APPLE,32,17,4,11,31,A_03_054
AUTISM1,32,17,5,10,29,F_03_011
BACKOUT,32,16,4,12,30,F_01_041
BASEBALLCAP,32,17,5,10,29,G_02_072
BASEMENT,32,15,3,14,29,C_01_034
BASKET1,32,16,4,12,30,E_01_060
BATH,32,14,3,15,28,B_01_019
BECAUSE,32,14,3,15,28,B_01_049
BEHAVIOR,32,16,3,13,27,C_02_036
BLOOD,32,14,4,14,29,C_01_087
BORROW,32,15,3,14,29,B_03_055
BOTTLE,32,16,3,13,27,D_02_064
BOWL,32,14,4,14,29,C_03_049
BOXING,32,16,4,12,29,F_03_050
BOY,32,14,6,12,29,B_02_090
BRAIDS,32,16,3,13,29,K_03_125
BRAVE,32,14,4,14,29,B_03_050
BRIDGE1,32,14,3,15,28,A_03_081
BROTHER,32,16,3,13,29,B_01_065
BUTTERFLY,32,14,3,15,28,A_03_056
CABINET,32,14,3,15,28,B_03_030
CALLTTY,32,15,3,14,29,B_03_026
CANCELLATION,32,14,4,14,29,C_02_017
CANDY2,32,16,3,13,27,D_02_079
CAPTURE,32,17,3,12,31,H_03_048
CASTLE4,32,16,3,13,29,K_03_110
CATEGORY,32,16,3,13,27,E_01_034
CATHOLIC,32,15,4,13,30,B_03_052
CEMETERY,32,17,3,12,31,H_01_037
CHAIN,32,16,4,12,29,E_02_055
CHANNEL,32,14,4,14,29,C_03_023
CHARACTER,32,15,3,14,29,B_02_088
CHASE,32,16,4,12,29,F_03_017
CHEEK,32,17,4,11,30,G_03_052
CHEESEGRATER,32,17,5,10,29,F_03_064
CHOCOLATE,32,14,3,15,28,B_01_002
CIGARETTE,32,15,3,14,29,C_01_059
CITY1,32,14,3,15,28,B_01_029
CLEAR,32,14,4,14,29,D_01_006
CLOSE,32,17,4,11,30,G_03_084
COCACOLA,32,14,4,14,29,D_02_040
COCAINE,32,16,5,11,29,F_03_044
COMPLEX,32,14,4,14,29,C_01_061
CONCEPT,32,14,3,15,28,A_03_086
COOKIE,32,15,3,14,29,B_03_008
CORN2,32,14,4,14,29,C_02_026
COVERUP,32,14,4,14,29,C_03_038
CREDITCARD,32,14,4,14,29,B_02_057
DANCE,32,15,3,14,29,B_02_063
DEPENDON,32,15,5,12,30,H_03_076
DISAPPEAR,32,14,4,14,29,D_01_036
DODO,32,16,4,12,29,E_01_096
DRESS,32,14,3,15,28,A_03_046
DROWN5,32,16,3,13,27,K_03_077
EACH,32,16,4,12,29,F_02_059
EGGBEATER,32,16,4,12,30,E_01_007
EGYPT,32,14,4,14,29,C_02_042
EMBARRASS,32,15,3,14,29,C_01_014
ENTER,32,16,4,12,29,E_02_076
ERASE4,32,16,4,12,28,K_03_095
EUROPE,32,14,4,14,29,C_02_010
EXPERIENCE,32,15,3,14,29,B_02_064
EXPLANATION,32,14,4,14,29,C_02_053
FAIL,32,17,3,12,31,H_01_077
FALL2,32,14,4,14,29,C_03_007
FALLINGASLEEP,32,16,4,12,29,E_03_006
FARM,32,15,3,14,29,B_01_086
FAULT,32,14,4,14,29,C_01_051
FAVORITE,32,14,3,15,28,B_01_024
FEW,32,16,3,13,27,C_02_067
FILTER,32,16,4,12,29,F_01_059
FINISH,32,15,3,14,29,B_03_025
FLUTE,32,16,4,12,29,E_02_036
FOUR,32,15,3,14,29,C_01_029
FRACTION,32,16,4,12,29,F_02_024
FRIENDLY,32,14,4,14,29,C_02_031
FUTURE,32,14,4,14,29,C_03_080
GIFT,32,16,4,12,30,E_01_055
GONE,32,15,5,12,30,G_03_051
GREECE,32,14,4,14,29,C_02_048
GREEN,32,14,4,14,29,B_02_085
GRENADE,32,16,4,12,29,E_02_010
GULLIBLE,32,14,4,14,29,C_02_058
HAMMER,32,14,4,14,29,C_02_021
HEALTH,32,15,3,14,29,B_02_083
HEARING,32,14,4,14,29,C_02_023
HELLO,32,14,4,14,29,D_02_055
HELMET1,32,16,3,13,27,D_02_034
HOPE,32,17,4,11,29,D_02_085
HUSBAND,32,14,4,14,29,D_01_082
IMPORTANT,32,14,3,15,28,B_01_081
INVITE,32,14,4,14,29,C_02_007
JOKE,32,17,3,12,31,G_03_086
KANGAROO3,32,16,3,13,27,D_03_079
KING,32,14,4,14,29,C_01_056
LATER,32,16,4,12,31,D_01_077
LAUGH,32,14,4,14,29,C_03_028
LIGHTER,32,14,4,14,29,D_02_025
LIPSTICK,32,15,3,14,29,B_02_046
LOOKAPPEARANCE,32,14,3,15,28,B_02_068
MAIL1,32,16,3,13,27,D_02_019
MAYBE,32,14,4,14,29,B_03_022
MEASURE1,32,14,4,14,29,C_02_037
MEDITATE3,32,16,3,13,27,K_03_061
MORNING,32,14,4,14,29,C_02_012
MOTHER,32,14,3,15,28,B_02_008
MOTORCYCLE,32,14,4,14,29,D_01_011
MUSTACHE,32,15,4,13,29,B_01_021
NAME,32,14,4,14,29,D_01_021
NORTH,32,14,4,14,29,C_01_080
OTHER,32,17,4,11,29,B_02_043
PAIN,32,14,4,14,29,C_03_033
PEEKABOO,32,17,4,11,29,E_02_026
PEPSI,32,14,4,14,29,C_01_021
PERSON,32,15,3,14,29,B_01_066
PLAY,32,14,4,14,29,C_01_066
PONDER,32,17,3,12,31,H_01_043
PSYCHOLOGY,32,16,4,12,29,F_02_074
PULLCONVINCE,32,17,3,12,31,G_03_069
RAIN,32,14,3,15,28,A_03_061
RECORDING,32,15,3,14,29,B_03_089
RED,32,14,4,14,29,C_02_090
RIGHT2,32,14,4,14,29,C_01_070
SAME2,32,14,3,15,28,B_02_013
SANDWICH2,32,15,3,14,27,K_01_015
SCARED,32,14,4,14,29,B_03_079
SERVE1,32,16,4,12,29,E_02_004
SEW,32,15,3,14,29,B_02_073
SHINY,32,16,3,13,27,D_01_091
SHOP2,32,14,4,14,29,C_03_075
SINK,32,18,4,10,29,E_02_042
SKATE,32,14,4,14,29,C_01_090
SLOW,32,15,3,14,29,B_02_041
SOCCER2,32,17,3,12,30,F_03_032
SOCIETY,32,17,3,12,31,H_01_002
SPEAKERS,32,14,3,15,28,B_01_076
SSHH,32,16,4,12,30,E_02_016
STEAL,32,16,3,13,27,C_02_019
STICKY,32,16,4,12,29,F_02_089
STOMACH,32,14,4,14,29,C_03_054
STRANGE,32,14,4,14,29,C_03_018
SURPRISE,32,14,3,15,28,B_01_013
SUSPECT,32,14,4,14,29,C_03_012
SWITZERLAND,32,16,4,12,30,F_01_009
TAKECARE,32,16,4,12,29,F_03_071
TEAM,32,16,4,12,30,E_01_071
TEMPTATION,32,14,4,14,29,C_01_082
TEXT,32,15,3,14,29,B_03_054
THAT,32,14,4,14,29,C_03_059
THIEF1,32,15,3,14,29,B_03_019
THINGS,32,15,3,14,29,B_03_043
TRAIN,32,14,3,15,28,B_03_003
TRAVEL,32,15,3,14,29,B_02_089
TROUBLE,32,15,3,14,29,B_03_048
TWO,32,14,4,14,29,C_02_005
UNDERSTAND,32,14,4,14,29,C_01_006
UNIVERSITY,32,14,4,14,29,C_02_063
VERYINTERESTED,32,15,3,14,27,G_02_039
VIDEOPHONE,32,15,3,14,29,B_01_039
VIEW,32,16,4,12,29,E_02_061
VOTE,32,15,4,13,30,B_02_040
WANT1,32,16,4,12,30,E_01_025
WEAR,32,15,3,14,29,B_02_032
WHAT1,32,16,3,13,27,D_02_094
WHICH,32,14,4,14,29,B_01_088
WHO,32,14,4,14,29,C_01_041
WHY,32,14,4,14,29,D_01_067
WINK,32,16,3,13,27,D_03_094
WISH,32,15,4,13,30,C_01_053
WOMAN1,32,14,4,14,29,C_02_028
WORK,32,14,3,15,28,B_03_059
WORKOUT,32,16,4,12,29,E_02_092
WORM,32,15,3,14,29,B_03_014
WRISTWATCH3,32,16,3,13,27,K_03_044
ZOOMOFF,32,15,4,13,29,D_01_057
1DOLLAR,31,15,3,13,27,C_02_025
8HOUR,31,17,3,11,30,C_02_055
9OCLOCK,31,14,4,13,29,C_02_080
ABBREVIATE,31,15,4,12,29,G_01_040
ABOVE,31,15,4,12,29,NA
ABSOLUTELYNOTHING,31,15,4,12,30,J_01_027
ACCESS,31,15,4,12,30,H_02_086
ACCORDION,31,15,4,12,29,F_02_048
ACCOUNTANT,31,15,4,12,30,A_03_044
ACT,31,14,4,13,29,B_02_038
ACTOR,31,15,3,13,29,A_03_047
ADD,31,15,4,12,29,E_02_030
ADDICT,31,15,3,13,27,H_02_073
ADMIT,31,15,4,12,30,J_02_062
ADVANTAGE,31,16,3,12,30,H_03_059
AFRICA,31,15,3,13,29,A_02_082
ALCOHOL,31,15,4,12,30,E_03_012
ALIGN,31,15,3,13,27,H_02_022
ALITTLEBIT,31,15,4,12,30,H_03_025
ALL,31,15,3,13,28,C_03_088
ALLGONE,31,15,4,12,30,J_03_021
ALLOVER,31,15,3,13,28,J_02_064
ALLWAY,31,15,5,11,28,H_01_084
ALONE,31,15,4,12,26,D_02_024
ALRIGHT,31,16,5,10,27,J_03_025
ALWAYS,31,16,5,10,27,J_03_076
AMERICA,31,15,3,13,28,C_02_006
ANALYZE,31,15,4,12,27,G_02_075
ANIMAL,31,14,4,13,29,B_03_002
ANNOUNCE,31,15,4,12,30,C_01_086
ANSWER,31,16,3,12,29,E_03_065
ANY,31,15,4,12,28,G_01_016
AREA,31,14,4,13,27,H_02_015
ARIZONA,31,15,3,13,27,J_03_022
ARM1,31,13,4,14,28,C_03_043
ARM3,31,15,3,13,27,K_02_002
ARMY,31,14,4,13,29,B_01_059
ARREST1,31,15,4,12,30,H_03_074
ARREST2,31,14,4,13,29,K_01_023
ARTICLE,31,16,3,12,30,J_02_041
ASIA,31,15,3,13,29,A_01_078
ASK,31,14,4,13,29,B_02_023
ASSEMBLY,31,16,4,11,26,J_03_096
ASSIST,31,15,5,11,27,J_03_093
ASSISTANT,31,15,4,12,30,F_03_076
ASTRONAUT,31,15,4,12,30,F_02_013
AT,31,14,4,13,27,J_01_055
ATTITUDE,31,15,3,13,27,J_03_091
AUDITORIUM,31,15,4,12,30,F_02_021
AUNT,31,15,4,12,29,E_02_027
AUTISM2,31,15,5,11,27,K_01_040
AUTOMATIC,31,15,4,12,28,J_01_048
AVOID,31,16,3,12,28,E_01_040
AWAKE,31,13,4,14,27,G_01_078
AWARD,31,15,3,13,27,K_01_114
AWKWARD,31,15,4,12,29,B_01_022
BABY2,31,17,3,11,29,K_01_042
BABYSITTER,31,14,4,13,27,F_03_061
BACHELOR,31,15,4,12,26,E_01_059
BACK,31,16,3,12,29,D_03_029
BACON,31,13,6,12,28,A_03_073
BAG1,31,14,4,13,29,A_01_064
BAG2,31,15,4,12,27,K_02_015
BAKE1,31,14,4,13,29,A_01_060
BAKE2,31,15,4,12,30,B_01_051
BALD,31,15,4,12,30,F_02_100
BALLOON,31,14,4,13,29,A_02_086
BANANA1,31,14,3,14,28,A_03_002
BANANA3,31,15,3,13,27,K_03_014
BANDAGE,31,17,4,10,29,F_03_020
BANK,31,14,3,14,27,D_02_032
BAR,31,13,6,12,28,A_03_072
BARELY,31,15,4,12,29,H_03_037
BARK1,31,15,3,13,27,K_01_074
BASEBALL,31,15,3,13,29,A_03_043
BASIC,31,15,4,12,30,E_01_101
BAT3,31,13,4,14,27,E_01_021
BATHROOM,31,14,3,14,28,A_02_051
BATTERY,31,16,3,12,27,D_02_089
BEACH,31,16,5,10,27,G_02_029
BEAK,31,15,4,12,30,G_03_048
BEANIE,31,15,4,12,30,E_03_091
BEANS,31,16,3,12,28,E_02_069
BEARD,31,16,3,12,27,C_03_085
BEAVER,31,15,4,12,27,F_02_067
BECOME,31,16,3,12,30,H_02_008
BED1,31,14,4,13,29,A_03_037
BED2,31,16,3,12,27,K_03_004
BEHIND,31,15,4,12,30,B_02_048
BELL,31,16,5,10,28,G_02_018
BETTER,31,14,3,14,27,F_01_062
BETWEEN,31,16,3,12,30,J_03_003
BIB,31,15,4,12,28,E_02_103
BIG,31,15,4,12,30,F_02_054
BINOCULARS,31,15,4,12,30,A_03_074
BIOLOGY,31,15,3,13,29,A_02_015
BIRD,31,14,4,13,29,A_01_041
BIRTHDAY,31,15,4,12,28,D_01_054
BISON,31,16,3,12,29,E_02_068
BITEONARM,31,15,3,13,27,K_03_082
BLACK,31,15,4,12,30,B_02_006
BLAME,31,16,3,12,29,G_01_005
BLIND,31,14,4,13,29,B_01_016
BLINDS2,31,16,3,12,29,C_03_014
BLOND,31,16,3,12,27,E_02_102
BLOOM,31,15,4,12,29,G_03_014
BLOW,31,15,4,12,30,E_02_096
BLOWMIND,31,13,4,14,27,F_02_045
BLUE,31,15,3,13,27,C_02_062
BLUR,31,15,3,13,27,J_03_088
BOIL2,31,14,4,13,27,G_03_101
BOILINGMAD,31,16,5,10,27,H_02_025
BOLT,31,15,3,13,28,F_01_089
BOOK,31,15,4,12,30,A_01_027
BORED1,31,15,4,12,30,B_01_017
BOSS,31,15,4,12,30,B_02_052
BOTH,31,16,5,10,27,H_01_076
BOTTOM,31,15,4,12,29,F_01_066
BOUNCE,31,14,3,14,26,H_03_057
BOW1,31,15,4,12,28,F_03_065
BOWLING1,31,14,4,13,29,A_02_003
BOWLING2,31,16,3,12,29,K_01_067
BOWTIE,31,14,4,13,29,A_01_044
BOX,31,13,6,12,28,C_03_025
BRA3,31,15,4,12,27,K_02_039
BRAG,31,16,4,11,30,B_03_011
BRAINSTORM,31,16,3,12,27,J_01_103
BRAINWASH,31,15,4,12,30,E_01_030
BREAD,31,14,4,13,29,A_02_058
BREAKDOWN2,31,15,4,12,29,B_01_064
BREAKTIME,31,16,5,10,27,J_01_047
BRIDESMAID,31,15,4,12,30,A_03_016
BRIDGE2,31,15,3,13,27,K_01_018
BRIGHT,31,15,4,12,29,F_03_028
BRING,31,13,4,14,27,F_03_004
BUCKLE1,31,16,3,12,27,K_02_056
BUDGET,31,16,3,12,28,E_01_099
BUILDING,31,14,4,13,29,A_03_088
BULL,31,16,3,12,30,E_01_098
BULLSHIT,31,16,3,12,30,J_03_053
BUMPY,31,16,3,12,28,K_01_123
BURY2,31,15,3,13,27,K_02_014
BURY3,31,15,3,13,27,K_02_093
BUS,31,13,4,14,27,E_01_004
BUSY,31,16,3,12,28,E_02_040
BUTTER,31,14,4,13,29,A_01_034
BUY,31,16,4,11,27,D_03_074
CAFETERIA,31,14,4,13,28,A_02_054
CAKE,31,16,3,12,29,D_01_033
CALL2,31,15,3,13,27,J_02_048
CALLATTENTION,31,14,4,13,29,C_01_038
CAMCORDER,31,16,4,11,27,E_03_021
CAMERA,31,15,4,12,30,B_03_073
CAMPING,31,15,4,12,30,A_01_045
CAN1,31,15,4,12,30,D_03_027
CANNOT,31,16,3,12,29,E_02_094
CARBATTERY,31,13,4,14,27,E_01_039
CARDS,31,16,3,12,29,J_03_065
CAREFUL,31,15,4,12,30,B_03_039
CAROUSEL,31,16,4,11,28,E_01_063
CARROT1,31,14,4,13,29,A_02_083
CARVE,31,16,4,11,29,K_02_026
CASTLE1,31,14,4,13,29,A_01_008
CASTLE3,31,15,3,13,27,K_02_019
CASUAL,31,14,4,13,27,H_02_050
CAT3,31,16,3,12,29,K_03_087
CATCH2,31,16,3,12,29,K_03_109
CATEPILLAR,31,16,4,11,29,G_01_025
CELLPHONE,31,16,3,12,29,K_01_128
CHALLENGE,31,15,4,12,30,B_03_051
CHAMPION,31,16,3,12,28,G_01_081
CHANCE,31,14,4,13,29,A_03_080
CHARGE,31,15,4,12,30,F_01_025
CHAT,31,14,4,13,29,C_01_079
CHEAP,31,15,4,12,28,F_02_056
CHEER,31,17,3,11,29,J_03_060
CHEW3,31,15,3,13,28,K_02_041
CHILD,31,16,5,10,27,F_03_101
CHOP,31,16,4,11,29,F_02_099
CHOPSTICKS,31,13,4,14,27,G_01_063
CHURN,31,15,4,12,30,E_01_046
CIGAR,31,15,2,14,28,B_02_055
CIRCUSWHEEL,31,16,3,12,30,H_02_065
CITY2,31,15,3,13,27,K_02_076
CLAP,31,13,4,14,27,G_01_096
CLASH,31,15,4,12,27,K_01_032
CLEAN,31,15,4,12,29,E_03_082
CLEFTCHIN,31,15,4,12,28,E_01_054
CLICK,31,15,4,12,29,G_01_047
CLIENT,31,16,3,12,30,J_01_031
CLIMBLADDER,31,16,3,12,28,F_01_103
CLOCK1,31,16,3,12,28,K_02_038
CLOSEEYES,31,16,3,12,29,E_01_068
CLOSET1,31,15,4,12,30,F_03_097
CLOTHES,31,15,4,12,30,E_03_096
CLOUD4,31,16,3,12,29,K_02_071
CLOWN,31,15,3,13,29,A_03_026
COCONUT,31,14,3,14,28,A_02_088
COINS,31,14,3,14,26,D_01_018
COLD,31,15,4,12,28,C_02_068
COLLEGE,31,14,4,13,29,B_01_009
COMB1,31,15,3,13,27,K_03_065
COMB2,31,17,3,11,30,C_02_070
COMEHERE,31,14,3,14,26,H_02_074
COMEOUT,31,16,3,12,27,E_02_020
COMFORTABLE,31,15,5,11,27,H_03_058
COMMENT,31,15,4,12,27,H_01_005
COMMITTEE,31,15,3,13,27,J_03_072
COMMUNICATION,31,14,4,13,29,B_03_013
COMPLAIN,31,14,4,13,27,G_01_023
CONCERNED,31,15,4,12,29,G_02_047
CONFIDENT,31,15,4,12,30,D_02_035
CONFIDENTIAL,31,14,4,13,27,G_02_022
CONGRATULATIONS,31,13,6,12,28,B_02_022
CONNECTION,31,15,4,12,30,E_03_060
CONSUME,31,15,4,12,29,J_01_101
CONTACTLENS,31,15,4,12,29,E_02_074
CONTINUE,31,15,4,12,30,D_03_032
COOK,31,14,4,13,27,D_03_078
COOL1,31,15,4,12,30,H_03_032
COOL3,31,16,3,12,30,H_03_099
COOPERATE,31,16,3,12,29,E_01_010
COPY,31,17,3,11,30,D_01_064
CORKSCREW1,31,16,4,11,30,K_01_085
CORN1,31,15,4,12,30,A_02_084
CORN3,31,15,4,12,27,K_02_078
CORNER,31,16,3,12,30,J_03_071
COST,31,16,3,12,28,E_03_020
COUCH,31,16,5,10,27,G_02_013
COUGH,31,13,6,12,28,C_02_071
COUNT,31,16,3,12,30,G_02_054
COUNTRY,31,16,3,12,27,C_03_058
COUSIN,31,14,4,13,29,C_01_023
CRACK,31,13,4,14,27,F_03_067
CRAWL2,31,16,3,12,29,K_02_088
CREAM1,31,13,4,14,27,F_02_010
CROCODILE,31,15,4,12,26,D_01_081
CROSS2,31,16,4,11,30,K_03_028
CROSS3,31,16,5,10,27,H_01_007
CROSSHEART,31,16,5,10,27,J_01_064
CRUMPLE,31,15,3,13,27,K_01_124
CRY1,31,13,5,13,28,B_03_028
CRY2,31,15,3,13,27,K_01_003
CRY4,31,16,3,12,27,K_02_040
CURLYHAIR,31,16,5,10,27,H_02_007
CURTSEY1,31,16,4,11,26,K_03_038
CUT,31,16,3,12,28,E_02_046
CUTE1,31,15,4,12,28,C_01_045
CUTE2,31,14,4,13,29,B_03_087
CUTREMOVEVID,31,15,4,12,29,F_01_065
DATE,31,15,4,12,29,G_01_031
DEAFSCHOOL,31,15,4,12,27,H_01_022
DECLINE,31,14,4,13,28,F_01_001
DECORATE2,31,16,4,11,28,K_02_030
DEEP,31,14,6,11,28,C_03_006
DEFLATE,31,16,3,12,29,E_01_079
DEGREE,31,15,4,12,30,J_01_021
DELICIOUS,31,13,5,13,28,B_01_082
DEMOTE,31,16,3,12,30,J_03_031
DENTIST1,31,13,6,12,28,A_01_014
DENTIST2,31,16,3,12,27,K_03_027
DENY,31,15,4,12,27,D_02_039
DEPARTMENT,31,15,3,13,27,C_02_033
DEPRESS,31,16,3,12,28,E_02_059
DEPTH,31,16,4,11,29,F_02_018
DESERT,31,14,4,13,29,A_03_008
DESTROY,31,15,4,12,30,E_03_052
DEVOUR,31,15,4,12,29,K_01_047
DIE,31,13,5,13,28,D_02_021
DIFFERENT,31,15,4,12,30,E_03_095
DIFFERENTSITUATION,31,16,4,11,29,J_01_075
DIG,31,16,3,12,29,K_02_119
DIGUP,31,15,4,12,30,G_02_019
DISAPPOINT,31,16,4,11,29,G_03_018
DISCUSS,31,16,3,12,29,E_03_081
DISLIKE,31,16,4,11,27,F_03_006
DISNEY,31,15,4,12,28,D_03_035
DISRUPT,31,16,4,11,28,E_03_076
DIVIDE,31,16,3,12,29,E_02_018
DIVORCE,31,14,4,13,29,C_01_063
DOCTOR2,31,15,4,12,27,K_03_015
DOG2,31,15,3,13,29,J_02_068
DOLPHIN3,31,15,3,13,27,K_03_032
DONTFEELLIKE,31,16,3,12,30,J_01_005
DONTKNOW,31,16,3,12,27,E_03_049
DONTLIKE,31,15,4,12,29,F_01_033
DONTMIND,31,14,4,13,29,B_03_033
DONTWANT,31,15,4,12,28,E_02_014
DONUT,31,15,4,12,29,F_01_071
DOOR,31,14,3,14,28,A_03_052
DOUBLE,31,15,4,12,30,H_03_084
DOUBT,31,14,4,13,29,B_01_057
DOWNHILL,31,16,3,12,30,H_03_012
DRAGON,31,15,3,13,28,F_01_011
DRAWER,31,14,5,12,29,A_01_082
DREAM,31,15,4,12,30,B_02_044
DRESSER,31,16,4,11,29,F_03_075
DRESSUP,31,14,4,13,29,J_03_057
DRILL,31,16,3,12,27,D_02_044
DRINK1,31,14,4,13,29,B_02_012
DRIP,31,14,3,14,27,F_02_102
DRUM,31,15,4,12,29,A_03_075
DRYER,31,14,4,13,29,C_01_007
DUCK2,31,17,3,11,30,D_01_079
EARLY,31,13,4,14,27,G_01_018
EARRING,31,16,3,12,27,C_03_011
EARTHQUAKE,31,15,4,12,30,A_03_039
EASEL,31,15,4,12,28,F_01_044
EAST,31,13,4,14,27,D_03_082
EASY,31,17,3,11,30,D_01_070
EASYTODO,31,16,3,12,30,G_02_073
EDGE,31,16,4,11,29,E_03_099
EGG,31,15,3,13,29,A_03_011
EIGHT,31,16,5,10,27,J_02_099
EITHER,31,16,3,12,27,J_01_085
ELECTRICIAN,31,15,4,12,30,A_02_005
ELEGANCE,31,13,5,13,28,D_03_042
EMOTION,31,14,4,13,29,B_03_005
EMPHASIS,31,15,4,12,28,F_03_086
END,31,16,3,12,28,E_01_074
ENEMY,31,15,4,12,29,E_02_045
ENERGY,31,15,4,12,27,G_02_056
ENGINEER,31,15,4,12,30,A_03_014
ENGINESTART,31,15,4,12,30,E_01_036
ENOUGH,31,17,3,11,29,D_01_084
ENVELOPE1,31,15,4,12,30,D_02_020
ENVELOPE5,31,16,4,11,30,K_02_100
ERASER,31,13,5,13,28,C_01_072
ERUPT2,31,17,3,11,29,K_01_119
ESCALATOR,31,16,3,12,29,F_01_036
ESCAPE,31,13,4,14,27,G_01_012
EVALUATE,31,14,4,13,29,A_03_015
EVEN,31,16,4,11,27,F_03_057
EVERYDAY,31,15,4,12,30,E_01_084
EVERYNIGHT,31,16,3,12,30,J_02_058
EVERYYEAR,31,16,5,10,27,H_02_041
EXAMPLE,31,15,4,12,30,G_02_024
EXERCISE,31,14,4,13,29,C_01_084
EXPECT,31,16,4,11,29,F_02_068
EXPERIMENT,31,16,3,12,30,H_03_002
EXPLODE,31,15,4,12,28,H_01_053
EYEGLASSES,31,14,4,13,29,A_01_012
EYESAWAKE,31,15,4,12,30,G_01_041
EYETURN,31,15,5,11,27,H_03_039
FACE,31,16,3,12,28,E_01_053
FAIR,31,15,4,12,30,G_01_080
FAKE,31,15,4,12,30,G_03_080
FALL1,31,15,4,12,30,B_03_074
FANTASY,31,15,4,12,27,J_01_045
FAR,31,15,4,12,30,D_03_007
FASCINATED,31,16,3,12,27,E_01_087
FASHION,31,16,3,12,29,J_01_010
FAST,31,16,3,12,27,C_03_016
FAT,31,15,4,12,30,C_01_011
FEED1,31,16,3,12,27,K_02_035
FEEDBACK,31,15,3,13,27,J_01_002
FEEL,31,15,4,12,30,C_02_001
FENCE2,31,15,3,13,28,K_03_037
FIANCE,31,13,4,14,27,F_03_034
FIGHT,31,14,4,13,29,B_03_058
FIGURE,31,13,5,13,28,C_01_016
FILE3,31,15,3,13,27,J_03_102
FILLOUT,31,15,4,12,28,H_01_099
FILM,31,15,4,12,30,B_01_037
FINANCE,31,16,4,11,27,F_02_047
FIND,31,14,4,13,29,B_03_076
FIRE,31,15,3,13,29,B_03_090
FIRST,31,14,4,13,29,C_01_033
FISH,31,14,4,13,29,A_03_040
FLASHLIGHT1,31,15,4,12,30,A_03_084
FLASHLIGHT2,31,16,3,12,29,K_01_057
FLASHLIGHT4,31,16,3,12,27,K_02_099
FLIP,31,17,3,11,29,H_02_088
FLIPFLOPS,31,15,4,12,28,F_03_077
FLIPSWITCH,31,15,4,12,30,E_01_066
FLOAT1,31,18,3,10,31,K_01_082
FLOOR,31,15,4,12,30,D_01_062
FLOWER,31,15,3,13,29,A_03_017
FOLD1,31,15,4,12,30,F_02_019
FOLD2,31,15,3,13,26,K_02_072
FOLLOW1,31,16,4,11,30,K_01_113
FOND,31,16,3,12,26,J_01_079
FOOL,31,16,3,12,27,J_02_102
FORBID,31,16,4,11,27,D_03_089
FOREVER1,31,16,3,12,29,D_03_072
FOREVER2,31,15,4,12,26,E_02_025
FORGETFUL,31,14,3,14,27,D_02_017
FORK1,31,15,3,13,27,K_02_050
FORK2,31,15,3,13,28,K_03_003
FORK3,31,16,4,11,27,E_01_049
FOUL,31,15,3,13,27,J_01_049
FOURTH,31,15,3,13,27,H_03_004
FOX,31,14,3,14,28,A_03_041
FRAUD,31,14,4,13,28,D_02_070
FREAKOUT,31,15,4,12,30,G_02_009
FRECKLES,31,15,4,12,30,B_01_083
FRENCHFRIES,31,14,4,13,29,A_01_085
FRIENDSNOMORE1,31,14,3,14,26,J_03_034
FRINGE,31,16,5,10,27,G_02_046
FROG,31,15,4,12,26,D_03_059
FROM,31,14,5,12,29,D_01_059
FRONT,31,15,3,13,29,C_01_039
FROWN1,31,15,3,13,27,K_03_115
GALLAUDET,31,14,4,13,29,B_02_010
GAMBLE,31,16,4,11,27,F_01_051
GARAGE,31,15,3,13,29,A_03_022
GAS,31,14,4,13,29,A_03_090
GATE,31,15,3,13,28,E_03_064
GAY,31,15,5,11,25,D_03_011
GENERATION,31,15,4,12,30,H_01_032
GERMANY,31,16,3,12,28,D_02_088
GET,31,14,4,13,29,B_03_007
GETINBED,31,16,3,12,29,J_03_010
GETTHROUGH,31,14,3,14,27,F_03_047
GETTOGETHER,31,16,3,12,30,J_02_073
GHOST,31,16,3,12,29,E_01_032
GIRAFFE,31,15,4,12,30,A_03_049
GIVEUP,31,15,4,12,29,H_03_028
GLASS1,31,16,3,12,28,K_02_059
GLASS3,31,16,3,12,27,K_01_115
GLASSES,31,14,4,13,29,B_03_036
GLOVE,31,15,3,13,29,A_02_087
GLOVES1,31,13,6,12,28,A_02_026
GLOVES2,31,15,3,13,29,K_01_012
GLOVES4,31,15,3,13,27,K_03_049
GLOW,31,14,4,13,27,D_03_093
GLUE1,31,14,4,13,27,F_01_096
GO,31,15,3,13,28,C_03_056
GOAT,31,14,4,13,29,A_02_024
GOBACKANDFORTH,31,14,3,14,26,H_01_052
GOINGTHROUGHAHARDTIME,31,15,4,12,27,G_03_021
GOLF,31,13,5,13,28,A_02_017
GOOD,31,15,4,12,30,B_01_052
GOODYGOODY,31,14,3,14,26,G_03_083
GOOSEBUMPS,31,15,4,12,29,G_03_096
GORILLA,31,15,4,12,30,A_02_044
GOTHROUGH,31,15,3,13,27,J_03_017
GOTOJAIL,31,13,4,14,27,F_03_099
GOVERNMENT,31,14,4,13,29,B_02_062
GRAB,31,16,4,11,27,E_03_039
GRADE,31,13,4,14,27,F_02_076
GRADUATE,31,15,4,12,29,B_03_081
GRAMMAR,31,17,3,11,29,J_03_078
GRAPES1,31,14,4,13,29,A_02_089
GRASP,31,16,3,12,27,E_01_006
GRASS,31,14,4,13,29,A_03_031
GRAY,31,16,3,12,29,F_01_080
GREET1,31,16,3,12,30,J_01_042
GRIEVE,31,15,4,12,26,E_03_100
GROUP,31,15,3,13,27,J_01_001
GROW,31,15,3,13,28,B_02_042
GUIDE,31,15,3,13,28,E_03_057
GUILLOTINE1,31,14,4,13,29,F_01_093
GUILTY,31,15,4,12,30,D_03_085
GUITAR,31,15,3,13,29,A_02_077
GUN2,31,16,3,12,27,K_01_069
GUN3,31,15,3,13,27,K_03_105
HABIT,31,15,4,12,28,E_03_067
HAIRDRYER2,31,16,3,12,27,K_03_056
HALL,31,16,4,11,27,F_01_097
HAMSTER,31,15,4,12,28,E_03_073
HANDCUFFS,31,15,4,12,29,G_01_088
HANDS,31,16,5,10,27,G_01_065
HANDSOAP,31,15,4,12,30,G_01_089
HANDSOME1,31,15,4,12,30,G_01_098
HANDSOME2,31,15,4,12,29,F_01_003
HANDSOME3,31,14,3,14,26,J_03_018
HANUKKAH,31,15,4,12,29,G_02_030
HAPPY,31,15,4,12,28,C_03_078
HARD,31,15,4,12,30,C_01_036
HARDOFHEARING,31,16,3,12,27,J_01_050
HARMONICA,31,15,4,12,30,G_03_054
HAT2,31,15,3,13,27,K_03_099
HATCH2,31,16,3,12,29,K_01_007
HATE,31,16,4,11,27,F_02_078
HAWAII,31,15,3,13,27,J_03_054
HEAD,31,16,4,11,29,E_03_044
HEADACHE,31,15,4,12,30,B_01_027
HEADCOLD,31,16,5,10,27,J_02_025
HEADGRIND,31,14,4,13,27,E_03_033
HEADPHONES,31,15,4,12,28,C_01_054
HEAP,31,15,3,13,27,H_03_096
HEAR2,31,15,4,12,27,J_02_006
HEARINGAID,31,14,4,13,29,B_01_015
HEART,31,15,4,12,30,B_03_066
HEARTBODY,31,15,4,12,30,H_02_063
HEAVEN,31,15,3,13,29,A_02_075
HEAVY,31,16,3,12,29,F_01_085
HELICOPTER2,31,17,3,11,29,D_02_042
HELP,31,13,5,13,27,D_01_042
HEN,31,15,4,12,29,G_02_041
HERE,31,14,3,14,27,D_01_089
HIDE,31,15,4,12,30,G_02_025
HIGHLIGHTER,31,16,5,10,28,G_01_020
HIGHSCHOOL,31,15,4,12,28,C_02_060
HINGE,31,15,4,12,29,G_03_041
HIPPO1,31,15,4,12,29,C_01_069
HIPPO2,31,15,3,13,27,K_02_060
HISTORY,31,14,4,13,29,A_02_036
HIT1,31,14,4,13,27,F_02_005
HOCKEY,31,15,4,12,30,B_01_035
HOE,31,15,4,12,26,G_01_007
HOLD2,31,15,3,13,27,K_02_124
HOLDACCOUNTABLE,31,15,3,13,28,E_03_093
HOLDHANDS,31,16,5,10,27,H_02_075
HOLDTOGETHER,31,16,3,12,27,E_02_003
HOME,31,14,4,13,29,B_03_063
HONEY1,31,15,4,12,30,F_02_064
HONK,31,15,4,12,30,H_01_074
HONOR,31,16,3,12,27,C_03_079
HOODIE1,31,15,3,13,26,K_02_044
HOP,31,15,3,13,27,E_03_025
HOSE,31,16,3,12,27,E_02_054
HOT,31,16,4,11,27,F_02_093
HOTDOG,31,15,4,12,30,B_03_067
HOTEL,31,15,4,12,30,B_01_053
HOW1,31,17,3,11,29,D_02_082
HOW2,31,14,3,14,27,F_02_086
HOWL,31,14,3,14,26,J_02_019
HUG,31,16,3,12,30,G_02_036
HUMMINGBIRD,31,16,4,11,28,K_01_125
HUNGRY,31,15,4,12,30,C_01_010
HUNT,31,15,3,13,29,B_01_025
HYPOCRITE,31,15,5,11,29,F_03_024
ICECREAM,31,14,3,14,28,A_02_013
IDENTITY,31,15,3,13,27,H_03_071
IGNORE,31,16,3,12,27,D_03_069
IMAGINE1,31,14,4,13,29,B_03_018
IMAGINE2,31,16,3,12,27,K_03_020
IMPOSSIBLE,31,17,3,11,31,B_01_032
IMPROVE,31,16,3,12,30,H_02_003
IN,31,15,5,11,30,E_03_062
INCH,31,14,4,13,27,H_01_056
INDEPENDENT,31,16,5,10,27,J_03_040
INEPT,31,16,3,12,27,J_02_032
INFLUENCE,31,16,3,12,30,H_02_031
INHALE,31,16,3,12,30,J_03_048
INSPIRING,31,14,3,14,27,F_01_095
INSTAGRAM,31,14,4,13,27,H_03_083
INSTITUTE,31,16,3,12,30,J_02_047
INTEREST,31,15,4,12,30,B_03_038
INTERESTED,31,15,4,12,29,F_02_014
INTERVENE,31,14,4,13,27,J_01_109
INTERVIEW,31,15,4,12,29,H_02_054
INTRODUCE,31,16,3,12,27,D_01_076
INTUITIVE,31,17,4,10,28,F_01_006
INVEST,31,15,4,12,30,F_03_045
ISOLATED,31,16,3,12,28,F_02_033
ITALY,31,16,3,12,27,D_02_074
JACKET3,31,16,4,11,30,K_01_116
JAPAN,31,16,3,12,27,D_01_046
JAR,31,15,4,12,30,G_01_076
JEALOUS,31,15,3,13,28,C_03_051
JEWELRY,31,18,3,10,31,H_03_040
JEWISH,31,16,3,12,28,C_03_032
JIGSAWPUZZLE,31,15,4,12,30,C_02_084
JUDGE,31,15,4,12,30,B_01_058
JUICE1,31,16,3,12,30,G_03_035
JUMP,31,16,3,12,27,C_02_089
JUNIOR,31,14,4,13,29,J_03_082
KANGAROO2,31,15,3,13,27,K_01_037
KEY,31,15,4,12,30,B_02_033
KEYBOARD,31,13,4,14,28,B_03_070
KISS1,31,15,4,12,30,D_02_014
KISS3,31,16,4,11,27,E_03_088
KISSFIST,31,15,4,12,27,J_03_038
KITCHEN,31,15,4,12,30,A_02_016
KITTEN,31,14,4,13,27,J_01_092
KNEEL,31,15,4,12,30,C_03_021
KNIGHT1,31,18,3,10,31,H_01_054
KNITTING3,31,16,3,12,27,K_02_025
KNOW,31,14,4,13,29,C_01_048
LABEL,31,16,3,12,30,J_02_105
LAMP2,31,15,3,13,27,K_01_004
LAND,31,16,5,10,27,G_02_066
LAPTOP,31,14,5,12,29,C_03_042
LAST,31,14,4,13,29,B_01_038
LATE,31,14,4,13,29,C_01_013
LAW,31,14,4,13,27,F_03_078
LAWNMOWER,31,14,4,13,29,B_03_064
LAYDOWN,31,16,3,12,30,J_02_004
LAZY,31,15,3,13,29,A_02_050
LEARN,31,15,4,12,30,B_01_042
LEARNLESSON,31,15,4,12,26,E_02_041
LEATHER,31,15,4,12,30,G_02_008
LEAVEALONE,31,16,3,12,29,H_03_105
LEFT,31,15,4,12,27,J_03_103
LEMON1,31,14,4,13,29,A_01_069
LETGO,31,16,4,11,29,F_02_034
LETMESEE,31,16,3,12,28,E_01_092
LETTER2,31,15,4,12,30,NA
LIBRARY,31,15,3,13,29,A_02_041
LICENSE,31,15,4,12,27,K_02_125
LICK1,31,15,4,12,29,E_02_021
LICKENVELOPE1,31,16,3,12,29,K_01_035
LICKENVELOPE2,31,17,4,10,29,K_02_028
LIE,31,15,4,12,30,B_03_012
LIFT1,31,16,5,10,27,G_02_082
LIGHT,31,15,3,13,28,K_01_102
LIGHTNING,31,15,4,12,26,D_02_069
LION,31,14,4,13,29,A_03_012
LIPREAD,31,15,3,13,28,E_03_047
LIST,31,15,3,13,27,D_01_041
LIVINGROOM,31,15,4,12,29,F_02_016
LOCK3,31,16,3,12,27,K_02_067
LOLLIPOP,31,16,3,12,28,E_02_095
LONGLINE,31,17,3,11,29,D_01_038
LONGWORD,31,14,4,13,29,H_02_047
LOOKAT,31,14,4,13,29,B_01_041
LOSE,31,16,3,12,27,D_03_064
LOSEGAME,31,15,3,13,27,C_02_009
LOST,31,15,3,13,27,J_01_017
LOUD,31,13,5,13,28,D_02_007
LOUSY,31,16,3,12,28,F_01_074
LUCK,31,15,3,13,28,H_03_009
LUCKY,31,15,4,12,26,D_02_008
LUNGS,31,15,4,12,30,G_01_026
MACHINE,31,14,4,13,29,A_03_078
MAGAZINE,31,14,4,13,29,A_02_076
MAGNET2,31,15,3,13,28,C_03_003
MAGNET3,31,15,3,13,27,K_03_066
MAGNET4,31,16,3,12,27,K_02_009
MAGNIFY1,31,14,4,13,27,G_01_073
MAGNIFY2,31,16,4,11,26,K_03_089
MAID,31,15,3,13,27,G_01_044
MAINSTREAM,31,15,3,13,27,J_03_037
MAKE,31,14,4,13,29,C_01_032
MAN,31,15,4,12,30,C_01_040
MANY,31,13,6,12,28,D_03_065
MAPLE,31,18,3,10,31,H_03_064
MARIONETTE,31,13,4,14,27,F_03_073
MASCARA,31,15,3,13,27,D_01_071
MATH,31,13,6,12,28,A_03_027
MCDONALDS,31,15,4,12,30,C_01_035
ME,31,13,5,13,28,B_01_068
MEAN2,31,15,3,13,29,B_02_069
MEAT1,31,18,3,10,30,D_02_022
MEAT2,31,16,4,11,27,F_03_021
MEDICINE,31,15,3,13,27,C_03_040
MEDITATE1,31,16,4,11,27,J_01_037
MEGAPHONE,31,14,4,13,29,G_03_102
MELT,31,16,3,12,29,F_01_050
MEMORIZE,31,14,4,13,27,G_03_081
MEMORIZEMEMORIZE,31,15,4,12,28,E_03_010
MESS,31,16,5,10,27,J_03_008
METAL,31,17,3,11,30,D_02_037
METAPHOR,31,16,3,12,27,D_02_059
MEXICAN1,31,15,4,12,30,J_02_045
MICROSCOPE2,31,17,3,11,29,K_02_008
MICROWAVE,31,14,4,13,29,A_02_043
MIDDLE,31,15,4,12,27,H_01_039
MILK2,31,16,3,12,29,K_03_070
MIND,31,14,4,13,29,B_01_046
MINDTURNED,31,15,3,13,27,J_01_034
MINE,31,15,3,13,27,K_01_030
MINIMUM2,31,14,4,13,29,J_03_077
MINUTE,31,15,4,12,29,B_01_074
MIRROR,31,15,4,12,30,A_03_034
MISCHIEVOUS,31,16,3,12,27,E_02_035
MISUNDERSTAND,31,16,3,12,27,C_03_027
MIX1,31,15,4,12,28,H_02_010
MIX3,31,15,3,13,28,K_02_098
MOCK,31,15,4,12,30,C_01_015
MODEL1,31,15,3,13,28,J_02_005
MODEL2,31,15,3,13,27,H_02_089
MONDAY,31,14,4,13,29,C_03_070
MONEY1,31,15,4,12,29,C_01_042
MONEY2,31,15,3,13,27,K_01_104
MONKEY,31,14,4,13,29,A_01_016
MORE,31,15,4,12,30,B_03_032
MOSQUITO,31,16,3,12,30,H_03_053
MOST,31,16,3,12,28,E_01_085
MOTIVATION2,31,16,4,11,29,E_02_047
MOUNTAIN1,31,15,3,13,29,A_01_055
MOUSE,31,14,4,13,29,A_03_009
MOUTH,31,17,3,11,30,C_02_087
MOVE,31,15,4,12,30,D_03_090
MOVEDOWN,31,15,4,12,29,G_01_053
MUCH,31,15,3,13,29,B_01_061
MUSEUM,31,15,3,13,29,C_01_024
MUST,31,15,3,13,28,F_02_004
MYSELF,31,17,3,11,29,D_03_024
NAILCLIPPER,31,16,3,12,28,E_01_077
NAPKIN,31,15,4,12,30,A_03_019
NEAR,31,15,4,12,30,G_01_014
NECKLACE1,31,14,4,13,29,A_02_072
NECKLACE3,31,15,5,11,27,K_01_071
NETWORK,31,15,4,12,27,J_02_075
NEUTRAL,31,14,4,13,29,A_03_021
NEVER,31,15,3,13,27,C_02_079
NEW,31,14,4,13,29,B_02_070
NEXT,31,15,3,13,28,E_03_080
NICE,31,16,3,12,30,G_03_059
NIECE,31,16,3,12,28,E_01_080
NINE,31,16,3,12,29,E_03_008
NONE,31,15,4,12,28,J_02_046
NONSENSE,31,15,4,12,27,G_03_071
NORMAL,31,15,4,12,30,F_02_036
NOSE,31,16,3,12,30,G_03_075
NOSEBLEED,31,14,4,13,28,K_01_092
NOTATHING,31,15,3,13,28,J_02_088
NOTHING1,31,15,4,12,30,B_01_079
NOTHING2,31,16,4,11,29,E_02_065
NOTINTERESTED,31,16,3,12,29,E_01_082
NOTUSEDTO,31,15,3,13,27,F_03_100
NOTYET,31,14,3,14,27,D_01_044
NUT1,31,16,3,12,28,D_02_073
OCTOPUS,31,16,4,11,29,F_03_007
OFF,31,16,3,12,29,E_01_027
OFFEND,31,17,3,11,29,D_03_039
OFFTHEPOINT,31,15,3,13,27,D_01_025
OFTEN,31,15,3,13,28,J_02_106
OIL2,31,15,3,13,29,H_02_078
OK,31,16,5,10,28,F_03_080
ONE,31,15,4,12,30,F_03_012
ONEMORE2,31,15,3,13,27,J_01_066
ONION,31,15,4,12,28,A_03_038
ONLYONE,31,15,4,12,30,H_01_001
OOPS,31,13,6,12,28,D_03_056
OPEN,31,15,4,12,27,G_03_088
OPINION2,31,14,4,13,27,H_03_101
OPPORTUNITY,31,15,4,12,30,J_02_090
OR,31,15,4,12,29,F_03_081
ORANGE,31,14,4,13,29,A_02_020
ORANGEEYES,31,16,3,12,28,E_03_087
ORANGETHROAT,31,16,3,12,28,F_02_039
ORDER1,31,14,4,13,28,C_02_064
ORGANIZATION,31,14,4,13,27,J_03_033
OSTRICH,31,16,5,10,30,F_03_098
OUR,31,15,4,12,29,G_02_067
OVERWHELMED,31,15,4,12,30,G_03_064
OWE,31,14,4,13,29,C_01_089
OWN,31,16,3,12,27,D_03_046
PAGE,31,16,5,10,28,G_01_070
PAINTBRUSH,31,14,4,13,29,A_02_079
PANCAKE,31,15,4,12,28,G_03_068
PANTS2,31,16,3,12,27,K_02_104
PAPER,31,14,4,13,29,A_01_026
PAPERCUTTER,31,15,3,13,29,A_03_082
PARACHUTE1,31,13,5,13,28,A_01_021
PARACHUTE2,31,16,4,11,30,K_03_005
PARAGRAPH,31,15,4,12,30,E_02_090
PARENTS,31,15,4,12,30,B_03_044
PASSOUT,31,16,5,10,28,G_02_002
PASSPORT,31,16,3,12,29,E_01_103
PATIENT1,31,13,5,13,28,B_01_060
PAY,31,15,4,12,29,F_01_082
PEACE,31,15,4,12,30,B_01_089
PEACH1,31,14,4,13,29,A_01_070
PEACH2,31,14,4,13,27,K_02_087
PEACOCK,31,16,3,12,30,G_02_088
PEAS1,31,15,4,12,27,F_01_017
PEAS2,31,15,4,12,28,F_02_052
PECK,31,16,4,11,30,K_03_010
PEEL2,31,14,4,13,27,K_02_103
PEG1,31,16,3,12,28,D_02_006
PEG2,31,17,3,11,27,K_01_103
PEG3,31,16,3,12,26,K_03_083
PEN,31,15,4,12,30,E_02_097
PENCIL,31,14,5,12,29,A_02_053
PENIS,31,14,4,13,27,F_03_095
PENNY,31,17,3,11,30,D_01_049
PEOPLE,31,16,3,12,29,C_01_009
PEPPER,31,14,4,13,28,A_02_085
PERFECT,31,13,6,12,28,D_01_008
PERFUME1,31,14,4,13,29,A_02_073
PERFUME2,31,15,4,12,29,F_01_046
PERIOD,31,14,4,13,27,J_02_107
PERSUADE,31,15,3,13,29,G_01_091
PET1,31,16,3,12,29,F_01_063
PHILOSOPHY,31,14,4,13,27,H_03_095
PHYSICS,31,16,3,12,29,E_03_014
PIANO,31,14,4,13,29,A_03_029
PICK,31,16,3,12,27,K_03_071
PICTURE,31,15,4,12,30,A_02_042
PIE,31,14,4,13,29,A_01_074
PILE,31,14,4,13,29,B_02_077
PILL,31,14,3,14,28,B_01_050
PILLOW2,31,16,3,12,29,K_01_097
PILLOW3,31,14,4,13,28,K_02_049
PINCH1,31,16,5,10,27,H_01_095
PINEAPPLE3,31,16,3,12,29,K_01_084
PINEAPPLE4,31,15,5,11,27,K_01_056
PINK,31,14,4,13,29,C_01_074
PIPE1,31,14,3,14,28,B_03_027
PIPE2,31,17,4,10,29,K_02_018
PIRATE,31,15,4,12,29,A_03_058
PISSEDOFF,31,15,3,13,27,H_03_056
PITCHER,31,13,4,14,27,G_01_028
PITY,31,15,3,13,27,C_03_022
PIZZA1,31,15,4,12,30,G_01_013
PIZZA2,31,16,3,12,28,E_02_085
PIZZACUTTER,31,16,3,12,29,E_02_084
PLACE,31,15,4,12,29,G_01_029
PLAN,31,15,4,12,28,E_03_034
PLANET,31,15,4,12,29,F_01_019
PLANT,31,16,4,11,29,E_01_029
PLATE,31,15,4,12,28,F_02_060
PLAYERS,31,14,4,13,28,G_03_062
PLAYGROUND,31,14,4,13,29,A_02_029
PLEASE,31,14,4,13,29,B_02_007
PLOW2,31,16,4,11,28,K_02_089
PLUG1,31,16,3,12,28,E_01_022
PLUG2,31,15,3,13,27,K_01_063
PLUMMET,31,15,5,11,27,G_03_028
PLUNGER,31,15,4,12,30,A_01_087
PLUS,31,15,4,12,29,J_03_045
POINTINDEX,31,15,3,13,27,K_02_083
POLE,31,15,4,12,30,H_02_014
POLICEMAN1,31,14,3,14,28,A_01_052
POLICEMAN2,31,16,3,12,29,K_03_104
POLICY,31,15,4,12,30,J_03_063
POOP,31,15,3,13,27,H_03_072
POP3,31,16,4,11,27,K_01_049
POP4,31,16,3,12,27,K_02_115
POPCORN,31,15,4,12,30,A_02_080
POPULAR,31,15,3,13,27,J_01_016
POSSIBLE,31,14,4,13,29,B_02_005
POSSUM,31,15,3,13,26,H_03_079
POUR1,31,15,4,12,27,K_01_094
POUR2,31,16,4,11,27,F_02_063
POWDER,31,16,3,12,30,H_01_026
PRACTICE,31,15,4,12,30,F_03_002
PRAYER,31,16,3,12,27,C_03_090
PRECIOUS,31,16,3,12,30,H_02_071
PREFER,31,15,4,12,30,B_01_078
PRESS,31,17,5,9,27,H_03_006
PRETEND,31,16,3,12,29,D_03_062
PRICE,31,16,4,11,30,C_02_004
PRIDE,31,14,4,13,29,A_01_081
PRIEST,31,15,4,12,26,D_03_026
PRINT,31,14,3,14,28,B_01_045
PRIORITY,31,14,4,13,27,J_01_074
PROBLEM1,31,14,4,13,29,B_03_047
PRODUCESIGN,31,14,4,13,27,J_03_051
PROJECT,31,14,5,12,29,J_01_054
PROMISE,31,15,4,12,30,A_01_071
PROMOTE,31,13,5,13,28,D_01_061
PROPELLER,31,15,3,13,28,F_01_038
PROTECTION,31,16,3,12,27,C_03_037
PROTEST,31,14,4,13,27,H_03_026
PROVIDE,31,15,4,12,28,H_01_045
PUMPKIN,31,15,3,13,27,H_02_056
PUNISH,31,15,3,13,27,C_02_041
PURPLE,31,14,4,13,29,B_02_067
PUSH,31,13,4,14,27,D_02_077
QM,31,15,3,13,27,J_02_011
QUALITY,31,15,4,12,27,J_02_095
QUIET,31,15,4,12,29,C_01_037
QUIT,31,14,3,14,27,F_01_079
RABBIT2,31,17,3,11,30,K_03_119
RADIO,31,14,4,13,29,A_01_075
RAKE,31,16,3,12,27,D_03_021
RANGE,31,15,4,12,30,H_01_101
RAZOR1,31,14,4,13,29,A_01_089
REACT,31,15,3,13,27,H_03_065
READ,31,14,4,13,29,A_01_022
REALLY,31,15,4,12,30,B_02_021
REASON,31,15,4,12,28,C_01_076
RECITE,31,15,5,11,27,J_02_078
RECORD,31,15,3,13,28,G_01_024
REGISTER,31,15,3,13,28,F_01_021
REGULAR,31,16,3,12,27,J_01_067
RELEASE,31,15,4,12,30,E_03_059
RELIGION,31,14,4,13,29,B_03_029
REMEMBER2,31,15,3,13,27,C_02_014
REMOTECONTROL,31,15,4,12,28,B_03_004
REMOVE,31,16,3,12,30,J_02_092
RESIGN,31,15,4,12,30,J_01_084
RESPONSIBILITY,31,13,5,13,28,B_01_018
RESTALLDAY,31,15,3,13,28,J_03_043
RESTAURANT,31,15,4,12,30,D_02_045
RESULT,31,15,4,12,30,J_01_039
RETIRE,31,14,4,13,27,J_03_084
RETRIEVE,31,15,3,13,27,H_02_028
RHINO2,31,17,3,11,29,K_01_088
RHINO3,31,16,4,11,26,D_03_016
RICH,31,15,4,12,28,F_03_103
RIDE1,31,16,3,12,29,J_03_026
RIGHT1,31,15,4,12,30,C_01_065
RIGHT3,31,17,3,11,29,J_03_095
RING,31,14,4,13,29,A_03_053
ROAD,31,16,4,11,29,F_02_083
ROAST,31,16,4,11,29,J_02_038
ROB,31,15,4,12,30,G_02_093
ROBOT,31,16,3,12,29,F_01_034
ROCK,31,14,4,13,29,A_01_030
ROLL,31,16,4,11,29,E_03_011
ROPE,31,15,4,12,30,D_03_012
ROSE,31,16,3,12,30,G_03_024
ROUGH,31,16,3,12,29,F_01_028
ROW,31,15,5,11,27,G_03_047
RUDE,31,15,4,12,30,B_01_026
RULE,31,13,4,14,27,F_02_091
RULER,31,15,3,13,27,G_02_086
RUN1,31,15,4,12,30,B_03_015
RUSH,31,15,4,12,26,E_03_054
SAIL2,31,17,3,11,28,K_01_048
SAILBOAT,31,16,4,11,30,F_02_094
SALT,31,14,4,13,29,B_01_069
SALTSHAKER,31,16,3,12,29,E_02_100
SAMESAME,31,16,3,12,27,J_02_081
SAMETIME,31,15,3,13,28,H_02_021
SANTA,31,13,4,14,27,F_03_019
SARCASTIC,31,16,3,12,28,E_01_005
SAUCE,31,15,4,12,29,F_01_054
SAUSAGE,31,15,4,12,30,F_03_088
SAVE,31,13,5,13,26,G_03_061
SAW1,31,15,4,12,30,D_03_060
SCARCELY,31,15,3,13,28,B_02_014
SCARF2,31,17,2,12,29,K_02_120
SCIENCE,31,14,4,13,29,A_02_011
SCISSORS,31,14,4,13,29,A_01_038
SCOLD,31,16,3,12,30,H_01_008
SCOOP,31,16,3,12,27,J_03_044
SCRATCH,31,14,4,13,27,H_02_084
SCREAM,31,16,4,11,29,E_03_027
SCREWDRIVER1,31,15,4,12,28,D_02_023
SCREWDRIVER3,31,16,3,12,27,K_01_014
SCRIPT,31,15,4,12,28,H_03_081
SCRUB,31,16,3,12,27,E_02_086
SCULPT,31,15,4,12,27,J_01_028
SCULPTURE,31,16,3,12,29,E_03_045
SEAL,31,14,5,12,26,G_01_057
SECRETARY,31,15,4,12,30,A_03_059
SEE,31,15,3,13,27,C_02_030
SEEM,31,14,3,14,27,F_01_043
SEESEE,31,15,3,13,27,J_03_004
SELECT,31,16,3,12,29,D_03_087
SELF,31,14,4,13,27,H_01_015
SENATE,31,15,4,12,30,G_03_099
SEND,31,15,4,12,26,E_02_009
SENTENCE2,31,16,5,10,27,H_01_025
SERVE2,31,16,3,12,29,K_02_061
SETUP,31,13,5,13,28,B_03_021
SHAKE1,31,16,4,11,28,G_01_062
SHAKE2,31,15,4,12,27,F_03_048
SHARE,31,16,3,12,28,E_02_101
SHARK1,31,17,4,10,28,E_02_071
SHARPEN1,31,16,3,12,28,H_03_060
SHARPEN2,31,17,3,11,28,K_01_109
SHAVE3,31,16,4,11,29,K_02_043
SHAVE4,31,16,3,12,27,K_03_114
SHEEP,31,14,4,13,29,A_02_010
SHELF,31,14,4,13,29,E_02_060
SHIRT1,31,14,4,13,29,A_01_028
SHIRT2,31,15,3,13,28,K_01_108
SHOCKED,31,17,3,11,29,D_01_023
SHOOT2,31,15,3,13,28,K_02_114
SHOP1,31,13,6,12,28,D_03_058
SHORTDISTANCE,31,15,4,12,30,H_01_049
SHORTPERSON,31,16,5,10,27,H_02_092
SHORTS,31,15,4,12,29,A_01_037
SHOT,31,15,4,12,30,E_01_013
SHOULDER1,31,14,3,14,28,A_02_055
SHOULDER2,31,15,3,13,27,K_01_078
SHOVEL1,31,14,4,13,29,A_01_088
SHRIMP,31,14,3,14,28,A_01_065
SHY,31,14,4,13,29,B_01_040
SICK,31,14,4,13,29,B_01_072
SIDE,31,15,4,12,27,J_03_055
SIDEBURNS,31,15,4,12,30,F_01_087
SIGN,31,15,4,12,28,E_03_050
SIGNATURE,31,16,3,12,29,F_01_069
SINCE,31,17,3,11,29,D_03_014
SING,31,15,4,12,30,D_03_075
SISTER,31,14,5,12,29,D_03_050
SIT,31,13,4,14,27,D_03_034
SITUATION,31,14,4,13,27,H_03_066
SIX,31,16,4,11,29,G_03_034
SKATEBOARDING1,31,14,6,11,28,C_02_052
SKATEBOARDING2,31,15,4,12,27,K_01_079
SKATEBOARDING3,31,16,4,11,27,K_02_110
SKI,31,17,3,11,29,D_02_027
SKI-CA,31,15,4,12,27,K_03_033
SKILL,31,14,4,13,27,G_02_038
SKIN,31,16,3,12,28,F_01_091
SLAVE,31,16,3,12,28,E_03_094
SLICE1,31,16,4,11,30,K_01_028
SLIDE2,31,17,3,11,29,K_01_058
SLINGSHOT,31,15,4,12,30,F_02_069
SLIP1,31,16,3,12,28,K_02_033
SLIP2,31,15,3,13,27,J_02_030
SLIPPER,31,16,3,12,29,E_01_062
SMALL,31,16,3,12,27,D_01_030
SMART,31,15,4,12,30,D_02_075
SMELL,31,15,4,12,30,E_02_049
SMELLMONEY,31,16,5,10,28,F_03_026
SMILE1,31,15,4,12,30,D_01_031
SMOOTH,31,16,3,12,30,H_02_101
SNAP,31,16,3,12,28,F_02_017
SNEAKADVENTURE,31,16,3,12,28,F_01_057
SNEEZE1,31,16,3,12,28,K_02_023
SNEEZE2,31,15,3,13,28,C_03_066
SNORKEL,31,15,4,12,30,E_01_102
SNOWBOARD,31,16,3,12,27,K_01_025
SNOWSUIT,31,14,5,12,27,E_03_005
SOAP2,31,15,4,12,30,E_03_078
SOCIALIZE,31,15,4,12,30,H_01_021
SOCKS,31,14,4,13,29,A_03_033
SOFA,31,15,4,12,27,G_03_006
SOME,31,14,3,14,28,B_01_020
SOMERSAULT3,31,16,3,12,27,J_02_012
SOMETHING,31,15,4,12,28,G_01_009
SON,31,15,4,12,30,B_02_086
SOON1,31,15,4,12,30,G_01_004
SOON2,31,14,3,14,26,H_03_023
SOPHISTICATED,31,15,4,12,29,G_02_083
SOPHOMORE,31,16,3,12,30,J_01_107
SOUP,31,15,3,13,29,A_01_039
SPACE,31,15,5,11,27,H_03_093
SPACESHIP,31,16,3,12,28,J_03_074
SPAGHETTI,31,15,4,12,30,A_01_042
SPAIN,31,15,4,12,30,G_01_094
SPEND,31,15,4,12,29,E_01_017
SPICY,31,16,3,12,30,J_03_036
SPIDER,31,15,4,12,28,D_03_067
SPILL2,31,16,4,11,27,K_01_064
SPITOUT,31,15,4,12,29,F_02_030
SPONTANEOUS,31,16,3,12,28,E_02_024
SPOON,31,14,4,13,29,A_02_037
SPORTS,31,15,3,13,28,C_03_035
SPOTSOMETHING,31,13,4,14,27,G_01_002
SPREAD2,31,15,3,13,27,K_01_083
SQUAREIDIOT,31,14,4,13,26,J_01_062
SQUEEZE,31,18,3,10,31,H_03_019
SQUIRREL,31,13,5,13,28,C_03_020
STACK4,31,16,3,12,27,K_01_019
STAIRS,31,14,3,14,28,A_03_048
STAMP3,31,16,3,12,27,C_03_063
STAND-UP,31,15,4,12,30,J_03_070
STAND1,31,14,4,13,28,K_02_081
STAR,31,14,3,14,28,A_03_087
STARBUCKS,31,15,3,13,29,B_03_010
STARS,31,14,4,13,29,A_01_047
STATE,31,16,4,11,27,F_01_086
STAYAWAKE24HRS,31,15,4,12,27,J_02_060
STEP,31,16,3,12,27,E_01_070
STING,31,15,3,13,27,H_03_022
STINK,31,16,3,12,30,H_01_064
STIR,31,15,4,12,28,D_03_055
STOCKINGS,31,16,4,11,29,E_01_061
STOP,31,16,3,12,27,D_01_010
STORY1,31,16,3,12,30,H_03_007
STORY2,31,16,3,12,29,E_01_015
STRAIGHT,31,16,4,11,27,E_01_081
STRANGLE,31,14,3,14,26,J_01_093
STRAWBERRY1,31,14,4,13,29,A_01_068
STRAWBERRY2,31,16,3,12,29,K_03_100
STREET,31,14,4,13,29,A_01_062
STRESS,31,13,5,13,28,B_02_075
STRETCH2,31,15,3,13,27,K_02_108
STRING,31,13,4,14,27,F_03_054
STRIPE,31,15,4,12,30,H_01_085
STUPID2,31,15,3,13,27,C_02_047
SUBTRACT,31,15,4,12,30,B_02_027
SUCK,31,16,3,12,29,F_01_012
SUCKTHUMB,31,14,5,12,26,K_01_006
SUMMARIZE,31,15,4,12,26,D_03_041
SUNRISE,31,15,3,13,27,H_03_089
SUPERIOR,31,16,3,12,27,J_02_065
SUPERVISOR,31,16,3,12,30,J_02_010
SUPPORT2,31,16,4,11,29,G_01_052
SURF,31,14,4,13,29,A_01_048
SURGEON,31,14,4,13,29,A_02_007
SUSHI,31,16,3,12,29,D_03_092
SUSPEND,31,14,4,13,28,H_01_016
SWEATER2,31,17,3,11,29,K_01_008
SWEATER3,31,13,4,14,27,D_02_092
SWEATPANTS,31,17,3,11,28,F_02_042
SWEEP,31,15,3,13,27,D_01_086
SWEETHEART,31,15,3,13,27,H_02_005
SWIM1,31,16,3,12,28,E_03_053
SWING1,31,15,4,12,30,A_02_018
SWORD,31,15,4,12,28,E_03_101
SYMPATHY,31,15,4,12,28,D_01_090
TAIL2,31,15,3,13,27,K_01_089
TAKENOTES,31,14,4,13,27,F_03_094
TALK1,31,14,4,13,29,C_01_008
TALK2,31,14,3,14,26,H_01_023
TALL2,31,14,4,13,29,B_03_024
TEACH1,31,17,3,11,29,D_02_052
TEACH2,31,16,3,12,29,K_02_055
TEACHER,31,14,4,13,29,A_02_033
TEARRIP1,31,15,4,12,30,G_03_009
TEARRIP2,31,15,3,13,27,K_03_050
TEASE,31,15,4,12,30,D_02_090
TECHNOLOGY,31,15,4,12,30,E_03_017
TEENAGER,31,15,3,13,27,H_02_039
TEMPERBLOWUP,31,15,4,12,29,F_02_097
TENDYOUR,31,15,4,12,29,G_03_032
TENNIS,31,15,3,13,29,A_01_053
TENT,31,16,3,12,29,E_02_012
THAN,31,15,4,12,30,F_02_002
THANKSGIVING,31,15,4,12,30,D_01_047
THANKYOU,31,16,3,12,30,H_02_053
THEN,31,15,4,12,29,F_01_031
THERAPY,31,16,3,12,30,H_03_088
THIEF2,31,15,3,13,29,B_01_087
THINK,31,16,3,12,27,C_03_053
THINKCHIN,31,15,3,13,27,K_03_120
THINKCONNECT,31,14,4,13,27,F_02_087
THINKOVER,31,15,4,12,26,D_02_054
THINKPONDER,31,15,3,13,27,K_01_120
THREE,31,14,3,14,28,B_01_044
THROW2,31,15,3,13,27,K_01_068
TICKET,31,16,3,12,28,E_02_029
TIE2,31,15,3,13,26,K_02_029
TIEUP2,31,16,3,12,27,K_01_043
TIGER,31,14,5,12,29,A_01_050
TIME,31,15,4,12,30,B_02_080
TIMETOTIME,31,15,5,11,27,J_01_020
TINY,31,15,3,13,28,K_03_019
TIREDOF,31,13,4,14,27,G_01_043
TOAST,31,15,4,12,30,D_02_080
TOBACCO,31,14,4,13,29,A_02_049
TOILET,31,13,6,12,28,A_02_038
TOMATO,31,17,3,11,29,D_02_087
TONGUE,31,16,4,11,30,G_03_057
TOOMUCH,31,16,4,11,29,E_02_015
TOP,31,14,4,13,27,H_01_065
TOURNAMENT,31,15,3,13,29,B_03_031
TOW2,31,14,4,13,27,H_01_086
TOW3,31,15,3,13,27,K_01_098
TOY1,31,16,3,12,30,H_03_070
TOY3,31,16,4,11,27,E_01_064
TRACTOR,31,17,5,9,27,H_01_042
TRADITION,31,14,4,13,27,J_03_023
TRANSFER,31,14,4,13,29,J_03_028
TRANSLATE,31,15,4,12,28,D_01_080
TRIANGLE,31,16,3,12,29,J_02_080
TRIP1,31,16,3,12,26,K_02_020
TRUCK2,31,14,4,13,27,J_02_070
TRUE,31,13,6,12,28,D_03_038
TRUTH,31,16,3,12,28,E_03_015
TTY,31,16,4,11,29,G_01_035
TUBE,31,16,3,12,30,G_03_042
TUESDAY,31,15,4,12,30,J_03_087
TURKEY2,31,15,3,13,26,K_01_036
TURN,31,16,3,12,30,J_01_065
TURTLE,31,14,4,13,29,A_02_009
TWIRL,31,15,3,13,27,J_01_102
TWOMORE,31,15,4,12,30,G_01_021
UDDER,31,15,4,12,28,F_02_084
UMBRELLA,31,14,4,13,29,A_02_022
UNCERTAIN,31,16,3,12,30,H_02_020
UNCLE,31,17,3,11,29,D_02_011
UNDERGRADUATE,31,16,3,12,27,J_03_079
UNDERWEAR1,31,17,2,12,27,A_03_023
UPLOAD,31,15,4,12,30,C_01_028
UPSET1,31,15,4,12,30,H_03_047
US,31,15,3,13,27,H_03_055
VACATION,31,15,4,12,30,B_03_016
VACUUM,31,16,3,12,27,D_03_084
VAIN,31,15,4,12,28,G_02_017
VALLEY,31,15,4,12,27,G_02_090
VEGETABLE,31,14,4,13,29,C_01_018
VERB,31,14,4,13,29,A_03_005
VEST,31,14,4,13,27,J_03_050
VIBRATE,31,15,4,12,28,J_02_035
VIDEOCAMERA1,31,15,4,12,29,B_03_006
VIOLIN,31,15,4,12,30,A_03_083
VISITOR,31,15,4,12,27,J_01_097
VITAMINS,31,15,4,12,29,E_01_043
VLOG,31,17,3,11,30,J_03_027
VOICE,31,17,3,11,29,C_03_061
VOMIT,31,17,3,11,29,D_02_072
WALK-TIGHTROPE-CL,31,17,3,11,29,K_01_024
WALK1,31,13,5,13,28,D_02_057
WALK2,31,14,4,13,27,J_03_067
WALL,31,15,4,12,29,E_01_089
WANDER,31,14,4,13,29,A_01_019
WARM,31,15,4,12,28,B_02_047
WARN,31,15,3,13,29,B_01_033
WASH1,31,16,3,12,28,E_01_033
WASH2,31,16,3,12,29,K_02_024
WASHDISHES,31,16,4,11,27,F_01_070
WASHHANDS,31,15,4,12,29,F_01_056
WASHMACHINE,31,16,3,12,27,C_02_057
WASTE,31,14,4,13,29,C_01_030
WATCH,31,15,4,12,30,G_02_078
WATERDROP,31,16,3,12,30,H_01_019
WATERSKI,31,15,4,12,30,F_03_022
WAVE,31,15,4,12,30,A_03_079
WE,31,16,3,12,30,G_03_019
WEAK,31,15,3,13,27,C_02_065
WEAVE,31,16,3,12,30,H_02_081
WEDDING,31,13,6,12,28,D_03_015
WEDNESDAY,31,13,5,13,28,B_03_056
WEEK,31,14,4,13,29,B_02_079
WEIGH,31,16,3,12,29,D_03_077
WELCOME1,31,15,4,12,30,NA
WELCOME2,31,14,4,13,27,J_02_054
WEWILLSEE,31,15,4,12,30,F_03_027
WHALE,31,16,5,10,27,G_03_013
WHAT2,31,15,4,12,26,D_02_084
WHATEVER,31,15,3,13,29,B_02_025
WHEELCHAIR,31,16,5,10,27,G_01_046
WHEN,31,14,4,13,29,C_03_086
WHERE,31,14,4,13,29,B_02_035
WHIP,31,15,3,13,29,A_03_077
WHISPER,31,16,3,12,30,H_03_075
WHISTLE1,31,14,4,13,29,A_02_046
WHISTLE2,31,16,3,12,29,K_03_055
WHITEPERSON,31,15,4,12,27,J_02_043
WHOLE,31,16,3,12,27,J_02_049
WILLGO,31,16,3,12,30,J_01_095
WIN,31,14,4,13,29,B_02_029
WIND,31,14,4,13,27,H_02_068
WINDMILL1,31,13,4,14,28,A_02_048
WINDMILL3,31,16,3,12,27,K_02_051
WINDOW,31,15,3,13,29,A_03_042
WINE,31,16,3,12,27,D_01_015
WINTER,31,15,4,12,29,E_03_022
WITCH1,31,15,3,13,29,A_03_018
WOLF,31,14,4,13,29,A_01_049
WONDER,31,15,4,12,30,B_02_076
WORD,31,15,3,13,28,E_03_075
WORLD,31,15,4,12,30,B_03_023
WOW,31,16,4,11,27,F_01_002
WRAPUP1,31,15,4,12,30,F_03_091
WRESTLE,31,15,3,13,27,J_01_033
WRING,31,15,4,12,30,H_01_029
WRISTWATCH1,31,15,4,12,30,B_01_063
WRISTWATCH2,31,15,3,13,27,K_01_054
WRITE,31,16,3,12,27,D_01_051
WRITEONWALL,31,16,4,11,29,G_02_087
YAWN1,31,15,4,12,30,F_02_079
YAWN2,31,15,4,12,27,K_01_110
YAWN3,31,16,3,12,27,K_03_009
YEAR,31,15,4,12,30,B_02_015
YELLOW,31,16,3,12,27,D_01_020
YOU,31,15,4,12,30,D_02_065
YOUR,31,16,4,11,30,F_01_052
YOURSELF,31,16,4,11,29,E_02_081
YOYO,31,14,5,12,26,H_03_016
YUCKY,31,16,3,12,28,E_01_011
ZEBRA,31,17,4,10,30,G_02_003
ZERO,31,16,3,12,27,D_03_036
ZOO,31,16,3,12,29,E_03_042
A-LINEBOB,30,13,5,12,28,K_03_127
ABOUT2,30,14,4,12,28,B_02_003
ACCENT,30,14,5,11,30,E_01_073
ACCEPT,30,14,5,11,29,H_02_042
ACQUIRE,30,14,4,12,27,H_01_034
ADDRESS,30,16,4,10,29,D_01_016
ADMIRE,30,15,3,12,28,J_03_049
ADOPT,30,14,5,11,27,J_03_014
AFTERNOON,30,14,4,12,27,J_01_040
AGAINST,30,15,3,12,28,H_03_003
AGE,30,14,4,12,29,B_02_071
AGENCY,30,14,5,11,29,H_01_044
AIRPLANE,30,12,5,13,27,D_03_068
ALASKA,30,15,3,12,29,H_02_087
ALLDAY,30,14,4,12,28,H_02_093
ALLOVERBODY,30,14,4,12,27,H_03_078
ALLTOGETHER,30,14,3,13,27,J_01_044
ANGEL,30,15,4,11,29,A_03_085
ANTLERS,30,13,3,14,26,F_01_027
APART,30,16,3,11,29,E_02_033
APPOINTMENT,30,15,3,12,29,C_01_088
APRIL,30,15,4,11,28,H_02_070
ARCHEOLOGY,30,14,4,12,27,G_03_060
ARGUE,30,14,4,12,27,F_03_072
ARREST3,30,15,3,12,28,K_03_036
ART,30,13,5,12,28,C_01_075
ARTICULATESIGN,30,17,4,9,27,J_01_014
ASSIGN,30,15,4,11,28,H_02_036
ATHLETE,30,14,4,12,27,J_03_068
ATLANTA,30,13,5,12,26,K_03_107
ATTENTION,30,14,4,12,28,A_03_089
AUDIENCE,30,14,5,11,28,F_01_072
AUSTRALIA,30,13,5,12,28,J_03_035
AVERAGE,30,14,4,12,27,G_03_050
AWAY,30,14,4,12,27,F_02_071
BABY1,30,14,4,12,29,C_01_017
BACKUP,30,14,4,12,27,G_01_102
BACKYARD,30,14,4,12,27,F_03_003
BAD,30,13,4,13,28,B_02_082
BADGE,30,13,5,12,28,F_03_096
BALANCE,30,16,3,11,30,C_02_046
BANANA2,30,15,3,12,28,K_02_097
BANANA4,30,14,5,11,26,K_01_061
BANDAID1,30,14,4,12,27,H_01_088
BANDAID2,30,14,5,11,29,F_02_020
BARK2,30,13,5,12,26,J_02_051
BARK3,30,14,5,11,28,K_02_096
BARRETTE,30,14,4,12,29,G_01_101
BASKET2,30,15,3,12,28,G_03_070
BAT1,30,13,5,12,29,F_02_028
BAT2,30,15,3,12,27,F_03_043
BATHTUB,30,14,5,11,27,K_02_101
BEAR,30,13,5,12,28,D_03_063
BEAT,30,16,3,11,30,D_03_020
BEDROOM,30,14,4,12,28,D_01_056
BEER,30,13,4,13,28,B_03_062
BEFORE,30,14,5,11,29,G_02_053
BEG,30,15,5,10,28,F_02_037
BEND,30,14,4,12,27,G_03_031
BENEFIT,30,16,3,11,29,C_02_056
BERRY,30,14,4,12,25,E_01_095
BEST,30,15,3,12,27,F_02_062
BET,30,15,3,12,27,F_02_027
BICYCLE,30,15,3,12,28,D_02_026
BIND,30,13,5,12,27,E_03_092
BIRTH,30,13,4,13,28,C_02_076
BITCH,30,15,5,10,26,H_01_058
BITEONNECK,30,14,5,11,29,E_03_035
BLACKBIRD,30,15,3,12,29,K_03_124
BLANK,30,14,4,12,27,H_02_006
BLANKET,30,15,4,11,29,A_03_032
BLESS,30,13,5,12,27,G_02_016
BLINDS1,30,15,4,11,29,B_02_081
BLINK,30,15,3,12,28,G_02_055
BLOUSE,30,14,5,11,26,J_02_104
BLOWCANDLE1,30,15,3,12,28,K_01_070
BLOWCANDLE2,30,13,5,12,26,K_02_022
BLUSH,30,15,5,10,27,J_03_100
BOARD,30,13,3,14,26,J_01_105
BOAT,30,16,3,11,30,D_01_055
BODY,30,14,4,12,29,B_01_047
BOIL1,30,13,4,13,28,K_03_054
BOMB,30,14,5,11,28,F_02_055
BONE,30,15,3,12,29,C_03_015
BOOTS1,30,14,3,13,27,K_03_101
BOOTS2,30,15,3,12,28,C_03_019
BORED2,30,14,5,11,26,K_03_122
BOSTON,30,14,4,12,27,J_03_001
BOTHER,30,14,4,12,27,H_01_040
BOW2,30,15,3,12,27,G_02_063
BOW3,30,13,3,14,26,K_02_016
BOW4,30,13,4,13,26,F_01_060
BOYFRIEND,30,15,5,10,27,G_02_058
BRA1,30,13,5,12,28,A_03_028
BRACELET,30,13,4,13,28,A_03_024
BRAILLE,30,14,4,12,27,F_01_078
BREAK,30,13,4,13,28,D_01_069
BREAKDOWN1,30,14,5,11,29,F_01_030
BREATHE,30,13,4,13,28,D_03_051
BRICK,30,14,4,12,27,H_02_085
BROWN,30,13,5,12,28,D_03_045
BUBBLES,30,16,3,11,29,E_02_052
BUCKLE2,30,14,5,11,26,K_03_073
BUFFALO,30,14,4,12,27,F_03_033
BUG,30,13,4,13,28,B_01_067
BULLDOZER,30,13,5,12,27,E_01_083
BURN,30,15,3,12,28,J_02_037
BURP,30,14,4,12,27,F_03_009
BURY1,30,15,3,12,28,K_03_018
BURY4,30,13,5,12,28,K_01_081
BUSINESS,30,12,5,13,27,D_01_022
BUSTED,30,14,4,12,27,G_01_022
BUT,30,15,3,12,27,D_03_030
BUTTONS,30,14,4,12,27,F_02_025
BYE,30,15,3,12,27,E_01_058
CALCULATOR,30,14,4,12,27,E_03_103
CALIFORNIA,30,15,3,12,28,H_02_038
CALM,30,15,3,12,28,G_03_004
CAMEL,30,14,4,12,27,G_01_042
CAMERAMAN,30,15,3,12,27,E_02_034
CAN2,30,15,4,11,27,K_02_027
CANADA,30,15,3,12,28,C_03_034
CANDLE,30,16,3,11,29,C_03_060
CANDY1,30,15,4,11,29,A_01_018
CANNON,30,15,3,12,28,G_02_037
CAPTION,30,16,3,11,29,C_02_086
CARACCIDENT,30,14,5,11,28,E_03_029
CARROT2,30,16,3,11,28,K_03_075
CARRY,30,15,3,12,28,J_02_042
CAT1,30,15,4,11,29,A_01_023
CATAPULT,30,17,4,9,27,E_03_083
CATCH1,30,15,3,12,28,J_01_073
CATCH3,30,14,4,12,27,G_02_033
CAUGHT,30,14,4,12,27,H_02_069
CEILING,30,14,4,12,28,J_01_091
CELERY,30,15,4,11,27,G_02_048
CENTER,30,14,4,12,29,C_01_027
CEREAL,30,15,4,11,29,A_02_014
CERTIFICATE,30,14,4,12,29,B_01_080
CHAIR,30,14,4,12,29,A_01_017
CHAMP,30,15,4,11,30,J_03_030
CHAOS,30,14,5,11,29,F_01_037
CHARGECARD,30,13,5,12,27,E_02_056
CHEAT1,30,15,4,11,29,A_02_008
CHECK,30,14,4,12,28,B_03_040
CHEERLEADER1,30,14,4,12,27,H_02_045
CHEERLEADER2,30,14,4,12,28,K_01_016
CHEESE,30,14,4,12,28,A_02_021
CHERRY1,30,15,3,12,28,K_02_113
CHERRY2,30,14,4,12,29,C_01_083
CHEW1,30,17,3,10,29,J_02_027
CHEW2,30,14,4,12,27,G_02_091
CHEW2MOUTH,30,15,4,11,29,K_01_100
CHEW4,30,16,3,11,29,K_03_094
CHILDREN,30,15,3,12,29,C_02_066
CHIMNEY,30,15,4,11,27,E_02_064
CHIN,30,14,5,11,28,F_02_070
CHINA,30,13,4,13,28,D_03_061
CHOKE,30,14,4,12,27,G_01_079
CHURCH,30,16,3,11,29,C_02_018
CIRCLE,30,15,4,11,28,E_02_062
CLASS,30,13,4,13,28,B_03_068
CLAUSE,30,13,5,12,27,F_03_013
CLAW,30,15,4,11,28,G_02_071
CLIP,30,14,5,11,29,J_01_083
CLOCK2,30,16,3,11,29,D_02_076
CLOSEDOOR,30,14,4,12,27,H_03_061
CLOSET2,30,13,5,12,27,E_01_091
COACH,30,15,3,12,28,H_02_083
COFFEE,30,15,4,11,29,A_01_032
COLOR,30,13,4,13,28,C_02_039
COME,30,15,3,12,26,C_03_074
COMMUNITY,30,15,3,12,29,J_01_015
COMMUTE,30,14,4,12,27,H_02_044
COMPASS,30,14,4,12,27,G_02_012
COMPUTER,30,15,4,11,29,A_01_054
COMPUTERMOUSE,30,15,3,12,29,C_01_073
CONTACT,30,14,4,12,29,D_03_022
CONVINCE1,30,14,4,12,27,G_01_048
CONVINCE2,30,15,3,12,28,H_03_013
COOL2,30,15,4,11,27,F_01_014
COOL4,30,16,3,11,28,J_01_004
CORKSCREW2,30,15,4,11,29,D_01_053
COUNSELOR,30,15,4,11,29,B_01_005
COW,30,13,5,12,28,A_01_033
COWBOY,30,15,4,11,28,F_01_018
CRACKER1,30,13,4,13,28,C_01_081
CRACKER2,30,16,3,11,28,K_03_093
CRANKY,30,14,4,12,27,H_02_104
CRASH,30,15,3,12,28,J_02_017
CRASHPLANE,30,13,5,12,28,K_01_034
CRAWL1,30,13,4,13,28,D_01_068
CREAM2,30,14,5,11,26,K_01_046
CREATE,30,14,5,11,28,D_03_076
CREWCUT,30,13,5,12,28,K_02_127
CROSS1,30,16,3,11,29,C_01_067
CROWN,30,14,4,12,27,F_01_016
CRY3,30,16,3,11,29,K_03_060
CULTURE,30,14,4,12,27,H_01_051
CUP,30,15,4,11,29,A_01_010
CURIOUS,30,14,4,12,27,F_03_051
CURL2,30,13,5,12,25,J_01_052
CURTAIN,30,13,4,13,28,A_02_025
CURTSEY2,30,14,4,12,26,K_02_006
DAMN,30,14,4,12,28,F_01_098
DANCER,30,15,4,11,29,A_02_034
DANGER,30,14,5,11,28,E_02_067
DAUGHTER,30,13,5,12,27,E_02_023
DEALCARDS,30,14,3,13,27,J_02_074
DEATH,30,13,5,12,28,A_01_076
DECORATE1,30,16,3,11,29,K_01_073
DEDICATE1,30,14,4,12,27,G_03_094
DEDICATE2,30,15,5,10,26,F_03_085
DEER,30,14,4,12,29,A_03_060
DEFEAT,30,15,5,10,26,G_03_090
DELEGATE,30,15,4,11,28,H_03_001
DELIBERATE,30,14,5,11,29,H_02_009
DELINQUENT,30,13,5,12,27,F_02_003
DENT,30,14,5,11,29,H_02_030
DEODORANT,30,14,4,12,29,A_01_086
DESIGN,30,14,4,12,27,J_03_104
DESSERT,30,14,4,12,27,F_01_094
DIAMOND,30,12,5,13,27,A_01_066
DIAPER,30,15,4,11,29,A_02_002
DICE,30,15,4,11,28,D_02_036
DICTIONARY,30,15,3,12,27,F_03_035
DILEMMA,30,13,4,13,26,J_01_003
DININGROOM,30,14,4,12,27,F_02_049
DINOSAUR2,30,14,4,12,28,K_03_047
DIP1,30,14,5,11,30,J_01_063
DIP2,30,13,3,14,26,K_01_065
DIRECTOR,30,14,4,12,29,H_01_014
DIRTY,30,16,3,11,30,C_03_026
DISAGREEMENT,30,14,4,12,29,B_02_066
DISCONNECT,30,14,4,12,27,H_01_017
DISPATCH,30,14,4,12,27,G_02_102
DISSECT,30,13,5,12,28,J_03_019
DISSOLVE,30,14,5,11,27,J_03_081
DISTRACTED,30,15,3,12,27,F_02_098
DIVE,30,13,5,12,28,D_02_029
DIZZY,30,15,3,12,28,H_02_102
DOCTOR1,30,13,4,13,28,A_03_020
DOCUMENT,30,14,4,12,27,H_01_097
DOESNTMATTER,30,15,5,10,27,F_03_031
DOLPHIN1,30,15,4,11,29,A_03_057
DOMINANT,30,14,5,11,26,J_01_087
DONKEY,30,14,4,12,26,J_01_012
DONTCARE,30,14,4,12,27,G_03_082
DONTNEED,30,14,4,12,27,H_01_104
DORMITORY,30,15,4,11,29,A_01_059
DOWNLOAD,30,16,3,11,29,C_03_046
DREADLOCKS,30,14,4,12,27,G_02_069
DRINK2,30,14,5,11,27,K_03_092
DRIVE,30,15,3,12,27,E_02_053
DROP,30,15,3,12,29,C_03_052
DROWN2,30,13,3,14,26,K_01_045
DROWN4,30,15,3,12,26,K_01_093
DRUG,30,15,4,11,28,F_01_040
DRUNK,30,13,5,12,28,C_03_077
DRY,30,15,3,12,27,F_03_005
DUE,30,14,5,11,26,H_03_011
DUMB,30,15,4,11,29,A_02_028
DUTY,30,14,4,12,27,H_03_008
DYE,30,15,3,12,27,F_02_092
EACHOTHER,30,15,3,12,29,H_02_076
EAGLE1,30,15,3,12,28,K_03_021
EAR,30,16,3,11,28,D_02_071
EARMUFFS,30,15,5,10,27,F_03_016
EARSUP,30,14,4,12,29,E_02_099
EARTH,30,15,3,12,28,C_03_002
EASTER,30,14,3,13,27,E_03_032
EFFECT,30,13,5,12,27,G_02_044
EGO,30,15,3,12,29,D_01_014
ELECTROCUTE,30,13,5,12,28,K_01_096
ELEMENTARYSCHOOL,30,14,5,11,26,J_01_070
ELEPHANT,30,14,4,12,28,A_02_059
ELEVATOR3,30,15,3,12,28,K_03_002
ELEVEN,30,16,2,12,27,E_01_052
EMAIL,30,12,6,12,27,B_03_083
EMPEROR,30,13,4,13,28,C_03_005
EMPTY1,30,14,5,11,29,E_02_072
EMPTY2,30,17,3,10,30,J_01_077
ENGAGEMENT,30,14,4,12,29,B_01_084
ENGLISH,30,15,4,11,29,A_01_011
ENVELOPE2,30,13,4,13,28,K_01_041
ENVELOPE3,30,14,4,12,28,K_02_107
ENVIRONMENT,30,15,3,12,28,J_01_022
EQUAL,30,13,5,12,28,C_01_052
ERASE1,30,14,4,12,29,J_03_085
ERASE2,30,15,4,11,29,K_03_098
ERASE3,30,15,3,12,26,K_01_099
ERASE5,30,14,5,11,27,K_02_042
ERUPT1,30,14,4,12,27,H_03_017
EVENT,30,15,5,10,27,F_03_049
EVERYTHING,30,15,3,12,27,F_03_084
EVIDENCE,30,14,4,12,27,G_03_103
EXCITED,30,14,5,11,29,H_01_102
EXCUSE,30,16,3,11,29,D_03_052
EXPENSIVE,30,14,3,13,28,C_01_064
EXPERIENCED,30,15,4,11,28,F_02_023
EXPRESS,30,14,4,12,28,J_01_009
EYES,30,16,3,11,29,C_01_062
FADE,30,15,4,11,29,J_02_053
FAINT,30,13,4,13,26,G_03_046
FAMILY,30,15,3,12,28,C_01_025
FAMOUS,30,14,5,11,29,E_03_085
FAN,30,15,3,12,27,F_03_055
FAUCET,30,16,3,11,30,D_01_065
FEDUP,30,15,3,12,27,E_01_047
FEED2,30,15,5,10,26,G_03_058
FENCE1,30,14,4,12,27,G_01_006
FENCING,30,13,4,13,26,F_01_083
FIFTH,30,14,5,11,27,J_03_046
FILE1,30,14,3,13,27,K_01_038
FILE2,30,15,3,12,28,K_02_036
FINGER,30,14,4,12,26,G_02_097
FINGERSCROSSED,30,15,3,12,29,J_01_006
FINGERSPELL,30,14,4,12,29,B_01_048
FINGERSPELLING,30,13,4,13,28,B_03_065
FINS,30,14,4,12,27,E_03_058
FIRED,30,15,3,12,29,J_03_058
FIREMAN1,30,14,3,13,28,A_02_039
FIREMAN2,30,14,3,13,27,K_03_052
FIRETRUCK,30,14,5,11,28,F_02_101
FISHING1,30,14,5,11,29,A_02_035
FIT,30,13,5,12,27,E_02_007
FIX,30,14,4,12,27,G_03_043
FLAG1,30,14,4,12,29,B_01_036
FLASHLIGHT3,30,14,4,12,28,K_02_092
FLOAT2,30,13,4,13,28,K_03_007
FLOAT3,30,15,3,12,27,E_03_043
FLY,30,14,4,12,29,D_03_070
FOLLOW2,30,14,4,12,27,G_01_058
FOLLOW4,30,15,4,11,27,H_03_029
FOOTBALL,30,15,3,12,28,A_02_027
FOR,30,15,3,12,28,B_03_049
FOREST,30,14,5,11,29,G_01_038
FORK4,30,14,5,11,26,K_01_027
FORM,30,15,5,10,27,G_03_023
FRAME,30,14,4,12,27,G_02_034
FREEDOM,30,15,3,12,27,E_02_001
FREEWAY,30,14,4,12,29,B_03_001
FREEZE,30,15,3,12,27,F_03_010
FRIDAY,30,15,3,12,28,B_02_020
FROMTHENON,30,14,4,12,27,H_02_040
FROWN2,30,13,5,12,28,F_02_057
FRUIT,30,15,3,12,29,C_02_083
FRUSTRATE,30,12,5,13,27,C_02_050
FRY,30,15,4,11,28,H_01_069
FUN,30,14,4,12,27,E_02_057
FUNCTION,30,14,5,11,29,J_02_071
FUNNY,30,15,3,12,28,E_03_038
FUZZY,30,16,4,10,29,K_02_123
GAME,30,15,3,12,29,C_03_047
GARLIC,30,14,4,12,27,G_02_028
GATECLOSE,30,14,4,12,27,E_02_073
GESTURE,30,13,5,12,28,J_03_086
GETINFORMATIONOUTOF,30,14,4,12,27,E_01_057
GETOFF,30,14,4,12,27,H_01_093
GIRL,30,16,3,11,30,C_03_073
GIVE,30,15,4,11,28,F_01_023
GLASS2,30,13,5,12,27,E_01_090
GLOVES3,30,15,3,12,28,K_02_105
GLUE2,30,14,5,11,28,K_03_117
GOAHEAD,30,14,4,12,28,J_01_041
GOAL,30,15,3,12,27,E_03_048
GOATEE,30,15,4,11,28,G_01_074
GOLD,30,13,4,13,28,D_02_009
GOODYGOODYSHOEOPPOSITE,30,17,3,10,30,J_01_072
GOSSIP,30,16,3,11,30,D_01_029
GOTCHA,30,14,3,13,27,H_02_072
GRADUATESCHOOL,30,15,4,11,28,H_02_052
GRANDFATHER,30,13,3,14,27,B_02_036
GRANDPARENTS,30,15,4,11,28,H_01_089
GREAT,30,15,3,12,28,J_03_016
GREENBEANS,30,15,4,11,27,G_02_001
GREET2,30,14,3,13,27,K_02_095
GRIND,30,15,3,12,28,J_02_094
GROWUP,30,14,5,11,26,J_01_036
GUILLOTINE2,30,13,4,13,26,G_01_008
GUM,30,14,4,12,27,G_02_010
GYM,30,15,3,12,29,G_03_003
HADENOUGH,30,14,5,11,30,H_01_090
HAHA,30,15,4,11,28,G_02_103
HAIR2,30,15,5,10,27,K_02_053
HAIRCLIPPER,30,15,4,11,27,E_02_080
HAIRCUT,30,16,3,11,29,C_02_081
HAIRDRESSER,30,14,4,12,27,G_03_016
HAIRDRYER1,30,13,5,12,28,B_02_078
HAIRDRYER3,30,14,5,11,26,K_01_091
HALF,30,14,4,12,27,F_03_040
HAMBURGER,30,13,4,13,28,A_01_004
HANDSOFF,30,14,4,12,27,H_02_027
HANDSOME4,30,14,2,14,25,E_03_041
HANG,30,16,3,11,29,E_02_063
HAPPEN,30,13,4,13,28,B_03_080
HARP,30,16,4,10,28,F_02_073
HAT1,30,14,3,13,28,A_02_045
HATCH1,30,14,5,11,30,J_02_069
HAVE,30,14,4,12,29,B_03_057
HE,30,14,4,12,29,F_02_044
HEADBACK,30,15,2,13,27,H_03_100
HEARTTOUCH,30,14,4,12,27,E_03_097
HELICOPTER3,30,14,4,12,28,K_03_063
HELL,30,15,5,10,27,G_03_008
HELMET2,30,13,5,12,28,K_01_066
HIGHHEELS,30,13,4,13,26,F_02_008
HIS,30,16,4,10,28,F_02_058
HIT2,30,13,3,14,26,K_01_111
HITCHHIKE,30,13,5,12,25,J_02_034
HOLD1,30,14,4,12,27,F_02_080
HOLIDAY,30,14,4,12,28,D_03_031
HOLY,30,15,3,12,29,G_01_072
HONEST,30,14,4,12,29,B_01_028
HONEY2,30,13,5,12,28,J_03_052
HONGKONG,30,15,3,12,28,G_02_004
HOOD,30,15,5,10,27,H_03_104
HOODIE2,30,14,4,12,28,K_02_122
HORRIBLE,30,14,4,12,29,D_03_049
HOUR,30,13,4,13,28,C_02_072
HOUSE,30,16,3,11,29,D_03_086
HUMOR,30,15,4,11,27,H_03_063
HUNDRED,30,14,4,12,27,H_03_027
HURRICANE,30,14,4,12,28,F_02_061
HURRY,30,16,3,11,29,G_01_075
HURT,30,14,4,12,29,E_01_002
ICE,30,15,3,12,28,G_03_020
IF,30,15,4,11,28,G_03_017
ILOVEYOU,30,14,4,12,27,F_01_102
IMMATURE,30,14,4,12,27,G_01_082
IMMERSE,30,13,5,12,27,E_02_032
IMPACT,30,15,4,11,28,D_02_051
IMPRESS,30,14,4,12,27,F_02_032
INCREDIBLE,30,14,3,13,27,J_03_080
INDIAN,30,14,3,13,26,C_03_009
INFECTION,30,14,4,12,27,H_02_057
INJECT,30,13,5,12,28,D_03_009
INNOCENT,30,13,5,12,27,G_02_062
INSIDE,30,13,5,12,25,H_01_047
INSPIRE,30,14,4,12,27,G_02_051
INSTEAD,30,14,4,12,27,H_01_079
INSTINCT,30,14,5,11,29,NA
INSULT,30,15,4,11,29,A_03_006
INSURANCE,30,14,4,12,29,D_02_030
INTELLIGENT,30,15,3,12,27,H_02_080
INTENTIONAL,30,16,4,10,28,G_02_040
INTERNET,30,13,4,13,28,C_02_032
INTERPRET,30,14,5,11,25,J_02_009
INTERPRETER,30,15,4,11,28,D_02_066
INVISIBLE,30,14,4,12,27,G_03_078
IRON1,30,13,4,13,28,D_01_063
IRON2,30,14,5,11,27,K_03_040
IRON3,30,14,4,12,28,K_02_106
ISRAEL,30,13,4,13,28,B_02_018
JACKET1,30,16,3,11,29,C_02_008
JACKET2,30,13,3,14,26,K_02_079
JACKET4,30,13,5,12,28,K_03_053
JAWDROP,30,13,5,12,25,J_02_014
JELLY,30,13,4,13,28,C_02_040
JELLYFISH,30,14,5,11,30,G_03_049
JOIN,30,14,4,12,27,G_03_039
JOURNEY,30,14,4,12,27,E_03_037
JUGGLER,30,14,5,11,30,E_03_051
JUICE2,30,14,4,12,27,G_03_022
JUMPROPE,30,14,5,11,29,G_01_019
KANGAROO1,30,13,4,13,27,K_02_012
KICK1,30,14,3,13,27,K_03_084
KICK2,30,16,3,11,29,G_03_087
KID,30,16,3,11,30,C_03_057
KILL,30,14,4,12,26,D_01_013
KINDERGARTEN,30,14,4,12,27,H_03_062
KISSONCHEEK,30,14,4,12,27,F_03_018
KITE1,30,14,4,12,29,A_02_030
KNIFE1,30,14,4,12,29,B_02_011
KNIFE2,30,16,3,11,29,K_03_043
KNIGHT3,30,14,3,13,26,K_01_053
KNIGHT4,30,14,3,13,26,K_02_034
KNITTING1,30,16,3,11,29,K_03_013
KNITTING2,30,16,3,11,29,D_03_071
KNOCK,30,14,4,12,27,F_01_042
KNOCKOFF,30,15,3,12,29,H_03_035
KNOWNOTHING,30,14,5,11,26,H_02_064
LAMP1,30,14,4,12,29,D_03_037
LANGUAGE,30,15,4,11,29,A_01_067
LASTWEEK,30,14,4,12,27,H_01_098
LAWYER,30,13,4,13,28,A_03_007
LEAD,30,14,5,11,30,J_01_046
LEAF1,30,15,3,12,29,D_02_083
LEAF2,30,15,3,12,28,K_02_073
LEAGUE,30,14,4,12,26,H_01_092
LEAK,30,14,5,11,29,F_02_038
LEAVE,30,15,3,12,28,B_02_084
LEMON2,30,13,5,12,28,K_03_017
LEND,30,15,3,12,29,J_01_088
LESBIAN,30,14,4,12,27,H_01_057
LESSON,30,15,3,12,27,D_03_083
LETTER1,30,13,5,12,28,C_01_031
LICK2,30,14,4,12,27,F_02_090
LIFT2,30,14,4,12,28,K_03_029
LIGHTSON,30,15,3,12,26,E_03_066
LIKE,30,15,3,12,27,F_03_063
LIMITED,30,15,3,12,27,G_01_003
LINE,30,16,3,11,29,C_02_069
LINGUISTICS,30,15,3,12,28,H_01_004
LIPS,30,14,4,12,27,G_02_043
LISTEN,30,12,6,12,26,K_01_117
LIVE1,30,13,5,12,28,B_03_061
LIVE2,30,14,4,12,29,B_03_046
LOAD1,30,15,3,12,28,H_01_055
LOAD2,30,16,3,11,27,K_02_003
LOBSTER2,30,16,3,11,29,K_03_039
LOBSTER3,30,13,5,12,28,K_01_051
LOCKER,30,13,3,14,25,K_01_126
LONELY,30,15,3,12,28,B_03_078
LONG,30,16,3,11,29,G_01_059
LOOKBACK,30,13,5,12,28,J_01_094
LOOKFOR,30,13,5,12,28,B_03_045
LOOKFORWARD,30,15,3,12,27,F_02_022
LOOKLIKE,30,14,5,11,29,G_03_029
LOVE,30,13,5,12,27,G_01_068
LOYAL,30,13,4,13,28,D_03_017
MAD,30,14,4,12,27,F_01_084
MAGNET1,30,13,3,14,26,K_01_026
MAIL2,30,13,5,12,28,K_01_112
MAILMAN,30,15,3,12,27,F_02_082
MAJOR,30,13,5,12,28,J_01_057
MANAGE,30,14,4,12,27,J_01_023
MARCH,30,14,4,12,27,J_01_013
MARRY,30,14,4,12,28,F_02_007
MASSAGE,30,14,5,11,27,H_01_100
MEACULPA,30,17,4,9,29,K_03_048
MEAN1,30,13,4,13,28,C_01_046
MEASURE2,30,13,4,13,27,K_02_054
MEDITATE2,30,14,4,12,27,K_01_033
MELON,30,14,4,12,27,G_03_025
MEMBER,30,14,3,13,26,F_02_046
MENTION,30,14,5,11,30,J_03_012
MEXICAN2,30,13,3,14,26,H_03_091
MICROPHONE,30,14,4,12,27,F_02_096
MILK1,30,15,4,11,29,A_01_051
MIME,30,13,4,13,26,D_03_019
MINIMUM1,30,15,5,10,29,NA
MISS,30,14,4,12,27,G_02_049
MISSING,30,14,5,11,28,E_02_017
MIX2,30,15,4,11,29,K_03_118
MONSTER,30,13,3,14,26,F_03_014
MONTH,30,15,4,11,29,A_01_073
MOOSE,30,14,4,12,28,G_02_100
MOP2,30,13,4,13,27,K_02_064
MOTIVATION1,30,14,4,12,29,G_03_037
MOUNTAIN2,30,13,4,13,28,K_03_108
MUMMY,30,14,4,12,26,G_03_077
MURDER,30,15,3,12,27,F_02_077
MUSCLE,30,14,4,12,27,G_01_095
MUSHROOM,30,14,5,11,29,E_02_089
MY,30,13,4,13,28,C_01_060
NAIL,30,14,4,12,27,G_03_010
NAKED,30,15,4,11,26,H_01_087
NAVEL,30,15,3,12,26,E_03_007
NAVY,30,15,3,12,28,H_03_049
NECK,30,14,4,12,27,F_02_081
NECKLACE4,30,13,5,12,28,K_02_080
NEED,30,15,3,12,29,C_02_034
NEEDLE,30,16,3,11,28,H_02_077
NEPHEW,30,15,4,11,29,A_01_005
NERVE,30,14,4,12,28,G_02_045
NET,30,14,5,11,29,G_02_021
NEWSPAPER,30,16,3,11,30,D_02_053
NEWSTOME,30,14,4,12,27,H_01_078
NEWYORK,30,13,4,13,28,B_01_034
NEXTTO,30,14,4,12,27,F_03_008
NEXTYEAR,30,15,3,12,28,J_03_083
NO,30,16,3,11,30,C_03_041
NOBIGDEAL,30,14,4,12,27,H_03_044
NOISE,30,14,4,12,29,E_02_031
NOOSE,30,13,4,13,26,G_02_076
NOT,30,14,4,12,29,E_01_100
NOTCARE,30,13,4,13,28,D_03_044
NOTHINGATALL,30,15,3,12,28,J_03_032
NOTMIND,30,16,4,10,30,G_01_060
NOTUNDERSTAND,30,14,5,11,26,G_01_049
NOW,30,15,3,12,29,C_03_062
NUMBERS,30,13,4,13,28,C_02_051
NURSE,30,15,3,12,28,C_03_065
NUT2,30,14,3,13,26,K_02_066
OBSESS,30,13,5,12,28,J_03_002
OBVIOUS,30,14,5,11,28,E_03_056
OCEAN,30,14,4,12,27,G_03_076
OFFHAND,30,13,5,12,27,E_01_072
OFFICE,30,13,4,13,28,A_01_063
OHISEE,30,15,4,11,28,E_01_038
OIL1,30,16,4,10,29,K_01_077
OIL3,30,13,5,12,28,K_03_068
OLD,30,13,4,13,28,D_01_007
OLDEST,30,16,5,9,26,H_03_024
ON,30,16,3,11,27,E_03_004
ONCE,30,15,3,12,28,J_02_059
ONEMORE1,30,15,2,13,27,H_03_041
ONEYEARAGO,30,14,5,11,29,H_02_043
OOH,30,14,5,11,26,H_01_013
OPENBOOK,30,16,3,11,29,E_02_022
OPENWALLET,30,15,4,11,28,E_03_002
OPERATEMACHINE,30,14,4,12,27,G_02_026
OPINION1,30,15,3,12,28,J_01_108
OPTION,30,15,4,11,28,F_01_092
ORAL,30,15,3,12,28,C_03_024
ORDER2,30,15,3,12,29,C_03_036
OUTSIDE,30,15,3,12,27,E_03_071
OVER,30,15,3,12,27,F_03_079
OVERLOOK,30,14,4,12,28,G_01_066
OVERNIGHT,30,13,5,12,28,J_01_076
PACK,30,15,3,12,29,H_02_060
PAGEANT,30,14,5,11,26,H_02_100
PAIR,30,15,3,12,28,H_03_031
PANTS1,30,15,4,11,30,A_01_058
PARACHUTE3,30,15,3,12,26,K_01_059
PARADE,30,14,4,12,29,B_02_039
PARALLEL,30,14,4,12,27,H_03_067
PARANOID,30,15,3,12,29,J_02_021
PARK,30,15,3,12,29,E_03_028
PASS,30,14,4,12,27,H_03_033
PAST,30,12,4,14,27,C_01_049
PAYOFFBILLS,30,15,4,11,26,F_03_036
PEANUTBUTTER,30,15,4,11,28,E_02_077
PEAR,30,15,4,11,28,F_02_006
PEEL1,30,16,3,11,30,K_01_052
PEEL3,30,16,4,10,28,H_03_052
PENGUIN,30,14,5,11,28,F_01_088
PERMISSION,30,14,4,12,27,G_03_093
PERSPECTIVE,30,14,4,12,27,H_01_006
PHARMACIST,30,14,5,11,28,E_01_051
PHILADELPHIA,30,14,4,12,27,H_02_023
PHOTOGRAPHY,30,15,3,12,28,J_01_038
PICKLE,30,14,4,12,28,H_03_098
PICNIC,30,13,4,13,27,E_03_040
PIG,30,15,3,12,28,A_02_032
PINEAPPLE1,30,15,3,12,29,C_02_088
PINEAPPLE2,30,16,3,11,29,K_03_076
PINEAPPLE5,30,14,5,11,26,K_02_011
PINON,30,14,4,12,27,G_02_096
PIPE3,30,15,4,11,29,K_03_113
PIPE4,30,14,5,11,27,K_01_011
PJS,30,14,5,11,28,E_03_102
PLAIN,30,13,5,12,26,E_03_079
PLATFORM,30,14,4,12,27,E_03_070
PLENTY,30,14,5,11,28,E_01_014
PLIERS,30,14,5,11,28,D_01_032
PLOW1,30,14,5,11,29,H_02_058
POINT,30,13,4,13,28,D_01_075
POOLGAME,30,13,5,12,28,D_02_010
POPE,30,15,5,10,27,G_02_077
PORCUPINE,30,13,5,12,26,G_01_033
POSTPONE,30,14,4,12,27,H_01_012
POTATO,30,15,4,11,29,A_03_050
POWER,30,13,5,12,28,C_03_069
PREDICT,30,15,4,11,28,F_01_058
PREGNANT,30,14,5,11,26,H_01_031
PRETTY,30,14,4,12,29,C_01_022
PRINCE,30,13,3,14,26,E_01_003
PRINCIPAL,30,14,4,12,27,H_01_030
PRISON,30,14,4,12,28,A_01_090
PROBLEM2,30,15,3,12,29,C_03_010
PROFOUNDLYDEAF,30,14,4,12,27,H_02_016
PROGRAM,30,14,4,12,27,G_02_084
PROOF,30,15,3,12,27,E_02_019
PROPOSE,30,15,3,12,29,H_02_026
PROXIMALIZATION,30,14,5,11,25,J_01_106
PUBLIC,30,14,4,12,27,H_02_029
PULL,30,12,5,13,27,D_02_062
PUNCHFACE,30,14,4,12,27,J_01_051
PUT,30,14,4,12,27,F_03_046
PUTASIDE,30,15,4,11,28,G_02_007
PUTINBACKMIND,30,14,4,12,25,E_01_076
PUZZLED,30,14,4,12,29,B_01_012
QTIP,30,15,3,12,27,F_03_074
QUARTER,30,15,3,12,29,H_02_049
QUEEN,30,14,4,12,28,A_03_055
RABBIT1,30,16,3,11,29,C_02_024
RAINBOW,30,15,5,10,27,F_03_001
RAISIN,30,13,4,13,25,E_03_019
RAT,30,15,4,11,28,D_02_081
RAZOR2,30,18,3,9,29,K_03_103
REACH,30,14,5,11,26,K_01_107
READY,30,14,4,12,27,F_03_042
REALLYINTO,30,14,4,12,27,H_02_079
REALSICK,30,14,5,11,30,G_01_071
REDFACED,30,15,3,12,27,F_03_030
REDUCE,30,14,4,12,29,E_01_042
REFLECT,30,14,5,11,28,E_03_036
REFRIGERATOR,30,14,4,12,27,G_01_001
REFUSE,30,14,4,12,27,H_01_062
RELATIONSHIP,30,14,4,12,29,B_01_023
RELAX1,30,15,4,11,28,D_03_081
RELAX2,30,13,5,12,28,K_02_032
RELIEF,30,14,5,11,27,H_01_063
REMEMBER1,30,14,4,12,27,H_03_038
REQUEST,30,14,4,12,25,E_01_024
RESCUE,30,14,5,11,29,H_02_067
RESIST,30,14,4,12,27,G_03_030
REST,30,13,4,13,28,B_01_031
RESTLESS,30,14,4,12,27,E_03_003
REVENGE,30,16,3,11,29,D_03_088
RIBBONAWARD,30,14,5,11,26,K_01_122
RIDE2,30,14,4,12,27,F_03_023
RISK,30,14,3,13,28,F_02_026
ROAR2,30,15,4,11,26,K_02_094
ROCKET1,30,15,3,12,27,E_01_016
ROCKET2,30,15,4,11,28,E_02_088
ROLE,30,15,3,12,28,H_03_036
ROLLERBLADING,30,15,3,12,29,D_02_033
ROLLERSKATING,30,14,4,12,29,A_02_074
ROLLUPSLEEVES,30,15,4,11,28,H_03_034
ROOF,30,15,3,12,27,F_01_039
ROOM,30,15,4,11,29,A_01_024
ROOMMATE,30,14,4,12,27,H_03_073
ROOSTER,30,13,5,12,28,A_03_051
RUIN,30,14,4,12,27,G_02_060
RUN2,30,16,5,9,26,J_01_100
RUNOUTOF,30,14,4,12,27,G_01_077
RUSSIA,30,16,3,11,29,D_02_091
SAD,30,14,4,12,28,B_02_053
SALAD,30,14,5,11,29,A_02_061
SAME1,30,13,4,13,28,B_02_009
SANDWICH1,30,15,4,11,29,A_01_015
SANDWICH3,30,16,3,11,29,K_03_072
SANDWICH4,30,13,5,12,26,K_02_086
SATURDAY,30,13,4,13,28,D_01_028
SAVEMONEY,30,15,3,12,28,G_02_074
SAXOPHONE,30,13,4,13,26,G_03_015
SCAN,30,15,3,12,28,C_03_039
SCARF1,30,13,4,13,28,A_03_013
SCARF3,30,14,5,11,26,K_01_086
SCARF4,30,14,5,11,28,K_03_085
SCARMEMORY,30,15,3,12,27,F_03_089
SCHOOL,30,16,3,11,30,C_03_089
SCIENTIST,30,15,4,11,29,A_01_020
SCORE,30,14,3,13,25,H_01_060
SCOUT,30,14,4,12,27,H_02_099
SCREWDRIVER2,30,14,4,12,28,K_03_041
SCROLLDOWN,30,17,3,10,30,C_03_084
SECRET,30,15,4,11,28,C_03_076
SENIORCITIZEN,30,14,4,12,27,H_03_097
SENSITIVE,30,14,5,11,28,J_02_091
SENTENCE1,30,14,4,12,28,NA
SEQUENCE,30,14,4,12,27,E_02_008
SERIOUS,30,14,3,13,28,B_01_071
SEVEN,30,14,4,12,27,F_03_087
SHAKESPEARE,30,13,5,12,28,J_03_105
SHAME,30,15,4,11,28,D_03_008
SHAMEONYOU,30,14,4,12,27,H_01_066
SHAPE,30,14,3,13,27,F_01_005
SHARP1,30,15,3,12,29,G_01_055
SHARP2,30,15,4,11,28,H_01_105
SHARPEN3,30,15,4,11,28,K_03_097
SHAVE5,30,15,4,11,28,H_03_018
SHOES,30,15,3,12,28,A_02_057
SHOOT1,30,14,4,12,27,J_01_024
SHOOTING,30,14,4,12,27,F_01_049
SHORTWORD,30,16,3,11,30,J_02_087
SHOULD,30,14,4,12,27,G_02_079
SHOULDER3,30,14,5,11,27,K_03_006
SHOUT1,30,14,4,12,26,J_03_005
SHOUT2,30,15,3,12,26,K_02_084
SHOVEL2,30,16,3,11,29,K_03_008
SHOW,30,15,3,12,28,C_01_050
SHOWER,30,13,4,13,27,A_02_001
SHUTOUT,30,14,4,12,27,G_03_026
SIGNINGFLUENTLY,30,16,3,11,27,F_03_069
SIGNPAPER,30,15,3,12,29,H_03_094
SILLY,30,14,4,12,28,B_01_090
SILVER,30,14,5,11,28,D_03_091
SINGLE,30,16,3,11,29,H_01_018
SINGLEOUT,30,15,3,12,28,J_01_061
SIREN,30,14,4,12,27,G_03_065
SKIRT,30,16,3,11,28,A_01_046
SKUNK,30,16,3,11,28,G_01_032
SLED1,30,13,5,12,26,F_01_010
SLED2,30,13,5,12,27,G_02_027
SLEEP,30,13,5,12,28,B_03_037
SLICE2,30,14,4,12,27,J_01_035
SLICE4,30,15,4,11,28,K_02_057
SLIDE1,30,14,4,12,27,F_01_100
SMILE2,30,15,3,12,28,K_03_023
SMOKE,30,14,4,12,27,H_01_046
SNAIL,30,14,4,12,26,G_01_067
SNAKE,30,12,5,13,27,A_01_043
SNAPSTICK,30,14,4,12,28,K_01_080
SNOB,30,13,4,13,28,B_03_042
SNOW2,30,16,3,11,29,K_03_081
SNOWMAN,30,14,4,12,27,G_03_073
SO,30,15,3,12,27,G_01_069
SOAP1,30,15,4,11,29,A_01_084
SOCCER1,30,15,3,12,28,A_03_004
SODA,30,13,5,12,28,C_03_030
SOFT,30,14,5,11,28,E_03_013
SOFTBALL,30,15,5,10,26,G_01_030
SOMERSAULT1,30,16,4,10,29,K_02_118
SOMETIMES,30,13,5,12,27,E_02_038
SORRY,30,15,3,12,28,C_01_020
SOUND,30,14,4,12,27,H_02_096
SOUR,30,14,4,12,27,F_03_060
SOUTH,30,15,3,12,29,C_02_029
SOW,30,13,4,13,26,H_01_075
SPECIALIST,30,15,3,12,28,H_01_038
SPECIFIC,30,14,4,12,25,E_02_091
SPENDLOTSOFMONEY,30,14,5,11,28,E_02_083
SPILL1,30,14,4,12,26,G_01_037
SPLASH-CA,30,13,5,12,26,K_02_037
SPREAD1,30,15,4,11,28,G_03_012
SPREAD3,30,14,4,12,28,K_03_080
SPRING,30,14,5,11,28,E_03_074
SQUARE,30,15,3,12,29,J_01_060
STACK1,30,14,4,12,28,K_02_102
STACK3,30,15,3,12,28,J_01_096
STADIUM,30,15,3,12,27,G_01_086
STAFF,30,15,3,12,28,C_01_071
STAMP1,30,14,4,12,27,G_02_098
STAMP2,30,15,2,13,27,F_03_093
STAPLER,30,15,5,10,30,G_02_005
STARE,30,15,3,12,27,G_01_034
START,30,13,5,12,28,B_01_011
STAY,30,14,4,12,27,F_02_050
STEAM,30,15,3,12,28,J_01_011
STETHOSCOPE1,30,13,5,12,28,D_03_028
STETHOSCOPE2,30,16,4,10,29,K_03_086
STILL,30,14,4,12,27,G_02_085
STIMULATE,30,14,4,12,27,H_02_035
STOPWATCH,30,14,4,12,29,F_01_067
STORY3,30,14,4,12,27,J_01_007
STRAIN2,30,14,5,11,26,K_01_076
STRAW,30,15,4,11,28,G_01_092
STRAWBERRY3,30,15,4,11,28,K_01_009
STRAWBERRY4,30,13,5,12,28,K_02_017
STRICT,30,14,4,12,29,C_01_047
STRONG,30,15,4,11,28,G_03_027
STRUCTURE,30,14,4,12,27,H_01_035
STRUGGLE,30,14,4,12,27,H_03_102
STUBBORN,30,14,4,12,29,B_03_086
STUCK,30,15,4,11,28,E_01_019
STUDENT,30,14,4,12,29,A_02_012
STUDY,30,15,3,12,29,G_01_090
STUMBLE,30,15,3,12,29,J_02_079
STUPID1,30,13,4,13,28,C_01_058
SUIT,30,13,5,12,27,G_01_103
SUMMER,30,15,3,12,28,B_02_037
SUMMON,30,15,3,12,28,K_02_075
SUNBATHE1,30,14,3,13,26,K_03_034
SUNDAY,30,14,4,12,28,J_02_001
SUNSET,30,14,4,12,28,B_02_087
SUPERVISE,30,14,4,12,27,J_01_018
SUPPORT1,30,14,4,12,27,F_03_066
SURE,30,16,3,11,29,C_03_044
SURGERY,30,14,4,12,27,H_03_046
SUSPENDERS2,30,14,4,12,27,E_01_028
SWALLOW,30,13,4,13,28,B_02_019
SWEARIN,30,15,3,12,29,J_02_016
SWEAT,30,14,4,12,27,H_02_051
SWEATER1,30,15,3,12,28,K_02_090
SWEATSHIRT,30,16,4,10,30,E_01_018
SWING2,30,14,5,11,28,F_02_085
SYSTEM,30,14,4,12,27,H_01_061
TABLE,30,15,4,11,29,A_03_025
TAKE,30,16,3,11,29,G_01_093
TAKEPILL,30,14,4,12,25,F_01_045
TALKDIRTY,30,11,5,14,24,H_02_046
TAN,30,15,3,12,27,F_02_072
TANKTOP,30,16,3,11,29,E_01_009
TAPE,30,14,4,12,27,G_01_017
TEA,30,15,3,12,28,A_02_052
TEETH,30,16,3,11,30,D_01_040
TELL,30,15,3,12,29,C_02_013
TEMPORARY,30,15,4,11,28,G_03_067
TENDENCY,30,14,4,12,27,G_03_089
TEST,30,16,3,11,30,D_01_060
THEATRE,30,13,4,13,28,D_01_052
THEORY,30,15,3,12,29,J_03_042
THERE,30,14,4,12,29,D_02_060
THERMOMETER,30,16,3,11,30,D_02_012
THESE,30,14,4,12,27,G_03_095
THIN,30,13,4,13,28,C_02_002
THINKOBSESS,30,14,5,11,26,G_03_079
THINKPENETRATE,30,14,4,12,27,G_01_039
THIS/IT,30,15,4,11,26,F_01_035
THOUGHTDISAPPEAR,30,15,3,12,27,G_01_051
THRILLED,30,14,4,12,27,G_02_070
THROW1,30,14,3,13,27,C_03_081
THROWAWAY,30,15,3,12,26,E_02_070
THUNDER,30,15,3,12,27,F_03_015
THURSDAY,30,13,5,12,28,B_02_045
TICKLE,30,17,3,10,29,H_01_073
TIE1,30,15,4,11,29,A_01_013
TIEUP1,30,13,5,12,28,K_03_035
TIMEOUT,30,13,5,12,28,K_02_063
TIMEPROGRESS,30,14,4,12,27,H_02_061
TIRED,30,13,4,13,28,D_02_050
TISSUE,30,14,5,11,30,G_02_032
TOAGOAL,30,14,4,12,27,F_01_026
TODAY,30,15,4,11,28,E_02_006
TOGETHER,30,14,4,12,27,G_01_097
TOMORROW,30,16,4,10,28,F_02_040
TOOTHBRUSH,30,16,3,11,29,D_03_073
TOOTHBRUSH-CA,30,14,5,11,27,K_03_058
TOPIC,30,14,4,12,27,H_01_103
TORNADO,30,14,4,12,29,A_02_047
TOSS,30,15,3,12,29,J_03_009
TOSSOUT,30,15,3,12,29,H_02_037
TOTAL,30,15,3,12,29,H_01_071
TOUCH,30,16,3,11,28,G_03_063
TOUGH,30,14,5,11,29,H_03_010
TOW1,30,15,3,12,28,K_02_010
TOWEL,30,15,4,11,28,F_01_007
TOY2,30,13,4,13,26,J_01_056
TRAFFIC,30,14,4,12,29,B_01_043
TRANSGENDER,30,15,5,10,26,J_01_082
TRASH,30,14,4,12,29,A_01_035
TRIM1,30,13,4,13,28,K_01_062
TRIP2,30,13,4,13,28,K_03_102
TROPHY,30,15,4,11,28,D_02_086
TRUCK1,30,13,3,14,26,G_03_007
TRUEBUSINESS,30,14,5,11,28,E_03_068
TRY,30,14,4,12,29,B_02_034
TUBETOP,30,14,5,11,30,E_01_067
TURBAN,30,14,5,11,27,F_03_090
TURKEY1,30,13,4,13,28,A_02_078
TURNAROUND,30,14,5,11,27,J_02_086
TURNKEY,30,14,5,11,29,E_01_056
TWOOFUS,30,14,4,12,27,H_02_090
TWOWEEKS,30,15,3,12,28,J_03_066
UGLY,30,15,3,12,28,C_01_019
UNAWARE,30,15,3,12,28,H_03_082
UNDER,30,14,4,12,28,E_02_087
UNDERWEAR2,30,13,5,12,28,K_02_112
UNIQUE,30,13,5,12,27,F_01_015
UNIVERSE,30,13,5,12,28,K_01_127
UNTIL,30,15,4,11,28,H_02_018
UP,30,14,5,11,30,E_01_069
UPSET2,30,15,4,11,28,F_01_075
USE,30,15,4,11,28,D_03_043
VAGINA,30,14,4,12,26,F_02_065
VALIDATE,30,14,4,12,27,H_03_051
VALUE,30,15,5,10,27,H_03_085
VAMPIRE,30,16,3,11,29,K_03_123
VANILLA,30,15,3,12,27,F_01_022
VANISH,30,14,4,12,27,H_02_098
VASE,30,16,3,11,29,E_02_028
VERY,30,14,4,12,27,G_02_101
VIDEOCAMERA2,30,14,4,12,28,K_03_011
VISION,30,14,4,12,28,J_01_025
VISIT,30,14,5,11,27,H_03_080
VISUALIZE,30,14,4,12,27,H_01_027
VOCABULARY,30,14,4,12,27,H_01_082
VOLLEYBALL,30,15,3,12,28,A_02_006
VOLUNTEER,30,14,4,12,27,H_02_062
W.H.A.T,30,15,3,12,28,G_02_089
WADE1,30,16,3,11,27,K_03_024
WADE2,30,15,5,10,27,H_01_036
WAIT,30,13,4,13,28,B_02_016
WAITER,30,14,4,12,29,A_01_061
WALLET,30,14,5,11,30,F_01_081
WALRUS,30,16,3,11,27,E_02_078
WAND,30,15,3,12,26,E_03_016
WANT2,30,15,3,12,28,C_03_013
WAR,30,14,4,12,29,B_03_075
WASHFACE1,30,14,4,12,27,G_01_011
WASHFACE2,30,15,3,12,28,J_01_078
WATER,30,14,4,12,29,A_02_031
WAY,30,13,4,13,28,C_02_073
WEEKEND,30,14,4,12,27,H_01_009
WEIGHT,30,15,4,11,28,E_02_037
WEIRD,30,14,4,12,27,H_02_011
WELL,30,13,4,13,28,D_01_009
WEST,30,13,4,13,28,D_03_053
WET,30,13,4,13,28,B_02_065
WHEEL,30,15,5,10,27,H_03_069
WHEELBARROW,30,15,5,10,26,F_03_070
WHILE,30,16,2,12,28,H_02_032
WHITE,30,14,5,11,28,E_03_046
WHYNOT,30,14,4,12,27,H_02_034
WIDE,30,15,3,12,29,J_02_052
WIFE,30,16,3,11,30,D_03_025
WILL,30,15,3,12,27,F_03_025
WINDOWOPEN,30,14,4,12,25,E_02_075
WINDY,30,14,4,12,27,G_02_080
WISE,30,15,4,11,28,G_02_023
WITCH2,30,13,5,12,27,K_03_022
WITH,30,15,3,12,28,C_02_074
WITHOUT,30,15,3,12,28,H_03_021
WOMAN2,30,14,5,11,26,K_01_101
WOOD,30,15,3,12,29,C_03_031
WORKSHOP,30,14,4,12,27,J_02_055
WORSE,30,14,5,11,29,H_01_011
WRAP,30,14,5,11,28,E_02_050
WRONG,30,13,5,12,28,B_01_055
YAWN4,30,13,5,12,28,K_02_048
YES,30,15,5,10,26,G_03_074
YESTERDAY,30,16,3,11,30,D_01_024
YOUNG,30,15,4,11,28,D_03_013
ZIPPER,30,16,3,11,30,D_01_034
ZOOMIN,30,15,3,12,28,B_02_056
ACCIDENT,29,14,4,11,27,B_02_059
ACCOMPLISH,29,12,4,13,27,C_02_085
ADULT,29,15,3,11,28,C_03_008
AGAIN,29,13,4,12,27,J_02_013
AGREEMENT,29,15,3,11,29,C_02_078
AMAZING,29,15,3,11,29,D_02_093
ARM2,29,13,4,12,27,K_01_095
ARRIVE,29,15,3,11,28,D_01_073
BLEED,29,15,3,11,28,J_03_075
BRA2,29,14,3,12,27,K_01_090
BRUSH,29,14,4,11,28,A_01_072
BUN,29,15,3,11,28,K_03_121
CALL1,29,15,3,11,29,C_02_061
CANOE,29,15,3,11,29,D_01_045
CAPE,29,13,5,11,27,F_01_004
CAR,29,15,3,11,29,D_02_043
CASTLE2,29,16,3,10,29,K_01_017
CAT2,29,13,4,12,26,K_02_047
CATCHBASEBALL,29,14,4,11,27,K_02_058
CAUSE,29,15,3,11,28,D_01_088
CELEBRATE,29,14,3,12,28,J_02_100
CHANGE,29,13,5,11,27,E_01_031
CHEAT2,29,15,3,11,28,D_01_027
CHERISH,29,13,4,12,27,J_02_033
CHICAGO,29,12,4,13,27,D_01_043
CLOUD3,29,15,3,11,27,K_03_059
CLUELESS,29,13,4,12,26,F_03_082
CONDUCT1,29,14,4,11,28,K_01_060
CONDUCT2,29,14,4,11,28,K_03_057
CONDUCT3,29,13,4,12,27,K_02_091
CONFLICT,29,13,4,12,27,J_02_084
CRAZY,29,15,3,11,29,D_03_040
CURL1,29,15,4,10,28,K_01_072
DART,29,15,3,11,28,C_03_029
DAY,29,16,3,10,29,C_01_044
DEVIL,29,14,4,11,28,A_01_079
DINOSAUR1,29,14,4,11,28,A_01_031
DIP3,29,15,3,11,28,K_02_052
DOLL,29,15,3,11,28,C_02_049
DOLPHIN2,29,15,3,11,28,K_02_021
DOWN,29,15,3,11,27,G_03_055
DRAW,29,15,3,11,29,D_02_063
DRIBBLE,29,13,4,12,27,K_02_074
DROWN1,29,14,4,11,27,K_02_111
DROWN3,29,15,3,11,28,D_01_017
DUCK1,29,14,3,12,27,K_02_068
EAGLE2,29,14,4,11,27,D_03_066
EARN,29,16,3,10,28,C_03_055
ECLIPSE,29,13,4,12,26,F_02_015
ENJOY,29,15,3,11,28,D_03_033
ENVELOPE4,29,14,5,10,27,K_03_062
ESCALATE,29,12,3,14,26,H_01_033
EXPERT,29,15,3,11,28,J_03_099
FACULTY,29,14,4,11,27,J_02_061
FATHER,29,14,3,12,27,B_01_077
FEBRUARY,29,14,4,11,27,D_01_093
FINALLY,29,14,3,12,27,D_01_012
FISHING2,29,13,4,12,27,K_01_050
FLAG2,29,15,5,9,26,G_02_092
FOCUS,29,15,3,11,28,J_03_056
FOLLOW3,29,15,3,11,28,K_03_016
FORFEIT,29,15,3,11,29,D_02_038
FORMER,29,13,4,12,27,J_02_066
FRANCE,29,15,3,11,29,D_02_078
FREE,29,14,4,11,26,G_01_027
FRENCH,29,15,3,11,28,C_02_022
FRIEND,29,15,3,11,29,D_03_010
FRISK,29,13,4,12,26,K_02_070
FULL,29,15,3,11,29,D_02_048
FURNITURE,29,14,3,12,27,C_02_059
GOD,29,16,2,11,29,D_02_068
GRANDMOTHER,29,15,3,11,28,C_02_027
GRAPES2,29,15,3,11,28,K_01_010
GUN1,29,15,3,11,28,D_02_046
HALFHOUR,29,14,4,11,27,J_02_024
HATBRIM,29,14,3,12,28,J_03_106
HEAR1,29,14,4,11,27,E_01_097
HELICOPTER1,29,15,3,11,28,K_02_004
HIGH,29,12,4,13,27,C_02_045
HOMEWORK,29,13,5,11,28,A_03_003
HORSE,29,14,4,11,28,A_01_029
HOTCOMPETITION,29,14,3,12,27,E_01_026
HUMBLE,29,15,4,10,28,A_01_009
IDEA,29,15,3,11,29,D_01_085
IPHONE,29,15,3,11,28,K_01_021
ISLAND,29,14,4,11,28,A_01_025
ITCH,29,13,4,12,27,J_01_068
JUGGLE,29,15,3,11,28,D_01_037
KEEP,29,14,4,11,26,H_03_005
KISS2,29,15,3,11,28,K_01_005
KITE2,29,13,5,11,27,K_02_117
KNIGHT2,29,15,4,10,28,K_01_087
LECTURE,29,12,4,13,27,C_03_048
LESS,29,14,4,11,27,E_02_043
LETKNOW,29,16,2,11,29,D_02_028
LIGHTCANDLE,29,15,3,11,28,K_02_116
LIGHTWEIGHT,29,13,4,12,28,C_01_012
LOBSTER1,29,12,4,13,26,D_01_072
LONGAGO,29,14,3,12,28,J_01_026
LONGTIME,29,14,4,11,27,J_03_013
MAGIC,29,15,3,11,28,D_03_018
MAKEBELIEVE,29,15,3,11,28,J_02_097
MATCH,29,15,3,11,29,D_01_050
MEET,29,16,3,10,29,D_02_018
MEETING,29,13,4,12,26,C_03_082
MOON,29,14,4,11,28,A_01_036
MOP1,29,15,4,10,28,A_02_090
MUSIC,29,12,5,12,27,A_01_080
NECKLACE2,29,15,3,11,28,K_03_090
NEGATIVE,29,14,4,11,26,J_01_008
NEXTDOWN,29,15,3,11,27,J_03_101
OVERTAKE,29,13,4,12,27,J_02_007
OWL,29,12,5,12,27,D_01_087
PAINT,29,15,3,11,28,D_01_048
PERCEIVE,29,14,3,12,28,J_02_063
PERCENT,29,12,5,12,27,C_02_082
PERSISTENT,29,14,4,11,27,E_01_078
PET2,29,15,3,11,28,K_02_085
PHONE,29,12,5,12,27,A_02_040
PILLOW1,29,14,4,11,28,A_02_019
PINCH2,29,13,5,11,27,K_03_112
POLISH,29,13,4,12,27,J_01_086
POOR,29,15,3,11,28,C_02_011
POP1,29,13,4,12,28,K_03_031
POP2,29,14,4,11,28,D_03_023
POSITIVE,29,14,4,11,27,J_02_050
PREACHER,29,15,3,11,29,D_01_019
PRESIDENT,29,12,4,13,27,D_02_016
PRESSINMIND,29,13,4,12,28,E_02_082
PROCESS,29,14,5,10,28,E_03_055
PSYCHOLOGIST,29,14,4,11,28,A_03_010
RACE,29,13,4,12,27,F_02_075
RACECARTRACK,29,15,3,11,28,K_02_121
REMIND,29,13,4,12,26,J_02_103
REPLACE,29,15,3,11,28,J_03_007
RESENT,29,14,4,11,28,J_03_039
RESPECT,29,13,4,12,27,J_01_029
RHINO1,29,15,3,11,27,K_03_116
ROAR1,29,15,3,11,28,J_03_062
RUNFAUCET,29,15,3,11,28,K_03_096
SAFE,29,13,5,11,26,G_01_085
SAIL1,29,13,5,11,27,D_01_074
SANDALS,29,13,4,12,28,A_02_004
SAW2,29,14,4,11,28,K_02_007
SELL,29,15,3,11,28,J_03_024
SEVERAL,29,13,4,12,27,J_01_099
SHAMPOO,29,12,4,13,27,D_01_035
SHARK2,29,14,4,11,27,E_03_023
SHIELD,29,14,4,11,28,E_01_050
SIGNLANGUAGE,29,15,3,11,28,D_02_031
SLICE3,29,13,3,13,26,K_03_067
SMOKING,29,15,3,11,28,C_03_087
SNOW1,29,12,4,13,27,A_01_057
SOCIAL,29,14,3,12,28,H_03_030
SOMERSAULT2,29,15,4,10,28,K_03_064
STACK2,29,13,4,12,27,K_03_069
STAND2,29,14,4,11,27,E_02_011
STEAK,29,14,3,12,27,D_02_041
STETHOSCOPE3,29,13,4,12,27,K_02_031
STETHOSCOPE4,29,14,4,11,27,K_01_075
STRAIN1,29,16,3,10,28,K_03_045
STRETCH-CA,29,15,3,11,28,K_03_078
STRETCH1,29,15,3,11,28,K_03_126
SUN,29,12,4,13,27,C_02_003
SUNBATHE2,29,12,5,12,26,H_02_013
SUSPENDERS1,29,14,4,11,29,E_03_077
SWEET,29,15,3,11,28,J_03_029
SWIM2,29,15,3,11,28,K_03_106
TABLET,29,15,3,11,28,K_02_126
TAIL1,29,17,2,10,26,D_01_083
TALL1,29,12,5,12,27,B_01_030
TASTE,29,13,4,12,27,J_01_081
TEAR,29,15,3,11,28,C_02_016
THINKEXPAND,29,13,4,12,26,G_02_015
THIRSTY,29,14,3,12,27,C_03_071
TO,29,13,4,12,26,E_03_086
TREE,29,12,4,13,27,A_01_002
TRIM2,29,15,3,11,27,K_03_111
TRIPLE,29,15,3,11,28,J_02_077
TV,29,15,3,11,28,C_02_038
UNICORN,29,13,4,12,26,F_02_031
VIDEOGAME,29,15,3,11,27,H_01_091
VILLAGE,29,14,3,12,27,K_01_121
WEATHER,29,12,4,13,27,C_03_072
WINDMILL2,29,13,4,12,28,K_01_118
WORRY,29,12,5,12,27,C_02_015
WRAPUP2,29,13,4,12,26,K_02_062
YAY,29,14,5,10,26,J_01_030
YEAH,29,15,3,11,28,D_01_058
BALL,28,14,3,11,26,C_02_044
CARROT3,28,13,3,12,26,K_01_105
HAIR1,28,13,5,10,27,A_02_056
HANGCLOTHES,28,12,5,11,25,K_02_069
OUT,28,12,4,12,27,E_02_066
BASKETBALL2,24,11,3,10,21,H_02_004
BASKETBALL3,24,11,3,10,20,K_01_013
CANCER2,24,11,4,9,21,G_03_056
DEVELOP2,24,10,4,10,20,H_01_050
DINNER2,24,11,4,9,21,J_02_023
DOG3,24,12,3,9,21,K_01_055
DRAG2,24,11,5,8,21,K_01_022
EAT2,24,12,3,9,23,B_03_082
HALLOWEEN2,24,11,5,8,22,G_02_035
HOSPITAL2,24,11,3,10,21,J_02_022
HURDLE/TRIP2,24,12,3,9,22,F_02_012
LUNCH2,24,12,3,9,22,F_01_076
MOVIE2,24,12,3,9,22,D_01_026
TWINS2,24,10,4,10,21,J_02_089
AXE2,23,10,4,9,20,F_01_013
BACKPACK2,23,11,3,9,20,G_01_064
BELIEVE2,23,10,3,10,21,G_02_011
BITE2,23,10,5,8,20,G_02_099
BREAKFAST2,23,10,3,10,21,F_01_073
CALENDAR2,23,12,3,8,22,D_02_061
CANCEL2,23,11,4,8,22,J_02_040
CHRISTMAS2,23,11,3,9,21,J_03_061
CONFUSED2,23,10,5,8,20,J_02_067
DARK2,23,11,4,8,21,E_01_012
DEAF2,23,10,3,10,21,E_03_098
DECIDE2,23,12,3,8,22,D_03_057
DOG4,23,11,3,9,20,H_02_103
DOWNSIZE2,23,11,3,9,20,D_02_058
EDIT2,23,10,4,9,21,F_01_068
ELEVATOR2,23,12,3,8,22,E_03_072
FINE2,23,12,3,8,22,D_02_067
FOREIGNER2,23,11,3,9,22,C_03_067
LOCK2,23,12,3,8,21,D_01_078
MICROSCOPE3,23,11,4,8,21,F_02_053
NIGHT2,23,10,3,10,21,D_02_047
NOON2,23,11,4,8,22,G_03_002
PARTY2,23,11,4,8,21,F_02_001
RECENT2,23,11,4,8,22,J_02_056
RESEARCH2,23,12,4,7,22,B_03_084
RIVER2,23,10,4,9,21,F_02_066
ROCKINGCHAIR2,23,11,3,9,22,E_03_024
SPECIAL2,23,11,3,9,20,H_01_068
TAKEOFF2,23,9,5,9,19,H_03_050
THIRD2,23,11,4,8,22,J_02_072
WHATFOR2,23,11,3,9,21,C_02_054
WHATFOR3,23,12,3,8,22,C_02_054
BELT2,22,10,4,8,20,E_02_093
CLOUD2,22,10,3,9,21,A_01_077
DEMAND2,22,10,3,9,21,C_01_078
GUESS2,22,10,3,9,21,C_01_057
MECHANIC2,22,9,4,9,19,D_01_066
PATIENT3,22,11,3,8,21,D_02_056
SHAVE2,22,11,3,8,22,B_03_017
THEY2,22,11,3,8,20,E_01_044
TYPE2,22,12,3,7,22,B_01_056
BEE2,21,9,4,8,19,E_03_018
LETTUCE2,21,10,3,8,21,B_01_073
